[
  {
    "id_licitacao": "332000632024",
    "orgao": "MUNICIPIO DE SAO BERNARDO",
    "edital": "PE SRP 052/2024/2024",
    "uf": "MA",
    "itens": [
      {
        "item": 1629256,
        "desc": "MATERIAL DE APOIO PEDAGÓGICO:LIVRO DE LINGUA PORTUGUESA - 1º ANO FUNDAMENTAL I- COMPOSTO POR: 01 LIVRO DE PORTUGUÊS 1º ANO ALUNO - CAPA: 20,5X27,5CM, CARTÃO SUPREMO 250G, 4 CORES, LAMINAÇÃO BRILHO - MIOLO: FORMATO DE APROXIMADAMENTE 20,5 X 27,5 CM, PAPEL OFF-SET 75G, APROXIMADAMENTE 100 PÁGINA, COR 4/4 CORES - ACABAMENTO: ESPIRAL. .A COLEÇÃO DEVE ESTAR ADEQUADA Á NOVA MATRIZ DE REFERÊNCIA DO SAEB,ALINHADA A BNCC. A COLEÇÃO DEVE SER COMPOSTA POR: 1. LIVRO DO ESTUDANTE - MATERIAL IMPRESSO 2. MANUAL DO PROFESSOR - MATERIAL IMPRESSO 3. AVALIAÇÕES - MATERIAL IMPRESSO 4. MATERIAL MANIPULATIVO - KITS DE JOGOS PEDAGÓGICOS PLATAFORMA DIGITAL 1. SEQUÊNCIAS DIDÁTICAS - DISPONÍVEIS NA PLATAFORMA 2. GAMES E JOGOS DE AUTOAPRENDIZAGEM -DISPONÍVEIS NA PLATAFORMA 3. SIMULADO SAEB - DISPONÍVEIS NA PLATAFORMA ACOMPANHAMENTO DE ASSESSORIA PEDAGÓGICA FORMAÇÃO PEDAGÓGICA EM 04 (QUATRO) AÇÕES: 1. IMPLANTAÇÃO DO MATERIAL DIDÁTICO. 2. ANÁLISE DE RESULTADOS E RELATÓRIOS. 3. CONSTRUÇÃO DE PLANO DE INTERVENÇÃO PEDAGÓGICA. 4. FORMAÇÃO DOCENTE.",
        "qtd": 702.0,
        "total": 147420.0,
        "fornecedor": "RENOVE LTDA",
        "cnpj": "49180319000135",
        "e_alvo": false
      },
      {
        "item": 1629275,
        "desc": "LIVROS DIDÁTICOS PARA O ALUNO NA EDUCAÇÃO\nINFANTIL (4 ANOS) -LIVRO DO ALUNO:\n● LIVROS DIDÁTICOS, SENDO 01 (UM) PARA CADA\nBIMESTRE OU SEMESTRE, CUJA ORGANIZAÇÃO\nDIDÁTICO-METODOLÓGICA ESTÁ ESTRUTURA DA A\nPARTIR DOS CINCO CAMPOS DE EXPERIÊNCIAS E DOS\nSEUS DIREITOS DE APRENDIZAGEM PROPOSTOS PELA\nBASE NACIONAL COMUM CURRICULAR.MATERIAL EM\nFORMATO HORIZONTAL; CAPA CONFECCIONADA EM\nPAPEL RESISTENTE, COM IMPRESSÃO COLORIDA; MIOLO\nIMPRESSO EM PAPEL DE QUALIDADE E EM QUATRO\nCORES, COM ADESIVOS E DESTAQUE PARA O PROJETO\nGRÁFICO ADEQUADO À FAIXA ETÁRIA DAS\nCRIANÇAS;MATERIAL DE APOIO CONFECCIONADO EM\nPAPEL COM GRAMATURA MAIOR QUE A DO MIOLO; E\nACABAMENTO EM ESPIRAL, COM PICOTE.\n● LIVRO IMPRESSO EM PAPEL CARTÃO, REMESSA\nANUAL, IMPRESSO EM CORES, COMPOSTO PÓR\nPRANCHAS QUE FAVORECEM O TRABALHO MANUAL, O\nFAZER ARTÍSTICO E O DESENVOLVIMENTO DA\nCOORDENAÇÃO MOTORA\n.●MANUAL DO EDUCADOR EM FORMATO VERTICAL;\nCAPA CONFECCIONADA EM PAPEL RESISTENTE, COM\nIMPRESSÃO COLORIDA; MIOLO IMPRESSO EM PAPEL\nDE QUALIDADE E EM QUATRO CORES; E ACABAMENTO\nEM ESPIRAL.\n● LIVRO DA FAMÍLIA EM FORMATO ESPIRAL, REMESSA\nANUAL, ACABAMENTO EM PAPEL CARTÃO, COM\nATIVIDADES QUE SERÃO UTILIZADAS PELOS ALUNOS E\nPELA FAMÍLIA CONSIDERANDO SUAS\nPOSSIBILIDADES E CAPACIDADE ● LIVRO IMPRESSO, REMESSA ANUAL, COMPOSTO POR\nTEXTOS LITERÁRIOS, FORMAS E ILUSTRAÇÕES\nADEQUADOS À FAIXA ETÁRIA DO ALUNO COM A\nPROPOSTA DE AMPLIAR O VOCABULÁRIO DOS ALUNOS E\nDESPERTAR O INTERESSE PELA LEITURA.\n● LIVRO IMPRESSO, REMESSA ANUAL, EM PAPEL\nCARTÃO, IMPRESSO EM CORES, COMPOSTO POR\nIMAGENS FRENTE E VERSO, DESTINADO AO\nDESENVOLVIMENTO DA IMAGINAÇÃO, AMPLIAÇÃO\nDE REPERTÓRIO E CRIAÇÃO DE POSSIBILIDADES PELOS\nALUNOS.\n● AGENDA ESCOLAR PARA OS ALUNOS;\n●AMBIENTE VIRTUAL PARA ALUNOS,PROFESSORES E\nGESTORES;\n● O MATERIAL IMPRESSO DEVERÁ SER\nACONDICIONADO EM BOLSA/MALETA RESISTENTE\nELAVÁVEL,\nSENDO UMA BOLSA/MALETA PARA CADA ALUNO",
        "qtd": 620.0,
        "total": 248000.0,
        "fornecedor": "RENOVE LTDA",
        "cnpj": "49180319000135",
        "e_alvo": false
      },
      {
        "item": 1629276,
        "desc": "LIVROS DIDÁTICOS PARA O ALUNO NA EDUCAÇÃO\nINFANTIL (5 ANOS) -LIVRO DO ALUNO:\n● LIVROS DIDÁTICOS, SENDO 01 (UM) PARA CADA\nBIMESTRE OU SEMESTRE, CUJA ORGANIZAÇÃO\nDIDÁTICO-METODOLÓGICA ESTÁ ESTRUTURADA A PARTIR\nDOS CINCO CAMPOS DE EXPERIÊNCIAS E\nDOS SEIS DIREITOS DE APRENDIZAGEM PROPOSTOS\nPELA BASE NACIONAL COMUM CURRICULAR.MATERIAL\nEM FORMATO HORIZONTAL; CAPA CONFECCIONADAEM\nPAPEL RESISTENTE, COM IMPRESSÃO COLORIDA; MIOLO\nIMPRESSO EM PAPEL DE QUALIDADE E EM QUATRO\nCORES, COM ADESIVOS E DESTAQUE PARA O PROJETO\nGRÁFICO ADEQUADO À FAIXA ETÁRIA DAS\nCRIANÇAS;MATERIAL DE APOIO CONFECCIONADO EM\nPAPEL COM GRAMATURA MAIOR QUE A DO MIOLO; E\nACABAMENTO EM ESPIRAL, COM PICOTE.\n● LIVRO IMPRESSO EM PAPEL CARTÃO, REMESSA ANUAL, IMPRESSO EM CORES, COMPOSTO POR\nPRANCHAS QUE FAVORECEM O TRABALHO MANUAL, O\nFAZER ARTÍSTICO E O\nDESENVOLVIMENTO DA COORDENAÇÃO MOTORA.\n●MANUAL DO EDUCADOR EM FORMATO VERTICAL;\nCAPA CONFECCIONADA EM PAPEL RESISTENTE, COMIMPRESSÃO COLORIDA; MIOLO IMPRESSO EM PAPEL\nDE QUALIDADE E EM QUATRO CORES; E ACABAMENTO\nEM ESPIRAL.\n● LIVRO DA FAMÍLIA EM FORMATO ESPIRAL, REMESSA\nANUAL, ACABAMENTO EM PAPEL CARTÃO,COM\nATIVIDADES QUE SERÃO UTILIZADAS PELOS ALUNOS E\nPELA FAMÍLIA CONSIDERANDO SUAS\nPOSSIBILIDADES E CAPACIDADE.\n● LIVRO IMPRESSO, REMESSA ANUAL, COMPOSTO POR\nTEXTOS LITERÁRIOS, FORMAS E\nILUSTRAÇÕESADEQUADOS À FAIXA ETÁRIA DO ALUNO\nCOM A PROPOSTA DE AMPLIAR O VOCABULÁRIO DOS\nALUNOS E DESPERTAR O INTERESSE PELA LEITURA.\n● LIVRO IMPRESSO, REMESSA ANUAL, EM PAPEL\nCARTÃO, IMPRESSO EM CORES, COMPOSTO POR\nIMAGENS FRENTE E VERSO, DESTINADO AO\nDESENVOLVIMENTO DA IMAGINAÇÃO, AMPLIAÇÃO DE\nREPERTÓRIO E CRIAÇÃO DE POSSIBILIDADES PELOS\nALUNOS.\n● AGENDA ESCOLAR PARA OS ALUNOS;\n●AMBIENTE VIRTUAL PARA ALUNOS,PROFESSORES E\nGESTORES;\n● O MATERIAL IMPRESSO DEVERÁ SER\nACONDICIONADO EM BOLSA/MALETA RESISTENTE\nELAVÁVEL, SENDO UMA BOLSA/MALETA PARA CADA\nALUNO.",
        "qtd": 650.0,
        "total": 260000.0,
        "fornecedor": "RENOVE LTDA",
        "cnpj": "49180319000135",
        "e_alvo": false
      },
      {
        "item": 1629257,
        "desc": "MATERIAL DE APOIO PEDAGÓGICO:LIVRO DE MATEMÁTICA - 2º ANOFUNDAMENTAL I - COMPOSTO POR: 01 LIVRO DE MATEMÁTICA 2º ANO ALUNO - CAPA: 20,5X27,5CM, CARTÃO SUPREMO 250G, 4 CORES, LAMINAÇÃO BRILHO - MIOLO: FORMATO DE APROXIMADAMENTE 20,5 X 27,5 CM, PAPEL OFF-SET 75G, APROXIMADAMENTE 100 PÁGINAS, COR 4/4 CORES - ACABAMENTO: ESPIRAL.A COLEÇÃO DEVE ESTAR ADEQUADA Á NOVA MATRIZ DE REFERÊNCIA DO SAEB,ALINHADA A BNCC. A COLEÇÃO DEVE SER É COMPOSTA POR: 1. LIVRO DO ESTUDANTE - MATERIAL IMPRESSO 2. MANUAL DO PROFESSOR - MATERIAL IMPRESSO 3. AVALIAÇÕES - MATERIAL IMPRESSO 4. MATERIAL MANIPULATIVO - KITS DE JOGOS PEDAGÓGICOS PLATAFORMA DIGITAL 1. SEQUÊNCIAS DIDÁTICAS - DISPONÍVEIS NA PLATAFORMA 2. GAMES E JOGOS DE AUTOAPRENDIZAGEM - DISPONÍVEIS NA PLATAFORMA 3. SIMULADO SAEB - DISPONÍVEIS NA PLATAFORMA ACOMPANHAMENTO DE ASSESSORIA PEDAGÓGICA FORMAÇÃO PEDAGÓGICA EM 04 (QUATRO) AÇÕES: 1. IMPLANTAÇÃO DO MATERIAL DIDÁTICO. 2. ANÁLISE DE RESULTADOS E RELATÓRIOS. 3. CONSTRUÇÃO DE PLANO DE INTERVENÇÃO PEDAGÓGICA. 4. FORMAÇÃO DOCENTE.",
        "qtd": 780.0,
        "total": 163800.0,
        "fornecedor": "RENOVE LTDA",
        "cnpj": "49180319000135",
        "e_alvo": false
      },
      {
        "item": 1629255,
        "desc": "MATERIAL DE APOIO PEDAGÓGICO:LIVRO DE MATEMÁTICA - 1º ANO FUNDAMENTAL I - COMPOSTO POR: 01 LIVRO DE MATEMÁTICA 1º ANO ALUNO - CAPA: 20,5X27,5CM, CARTÃO SUPREMO 250G, 4 CORES, LAMINAÇÃO BRILHO - MIOLO: FORMATO DE APROXIMADAMENTE 20,5 X 27,5 CM, PAPEL OFF-SET 75G, APROXIMADAMENTE 100 PÁGINAS, COR 4/4 CORES - ACABAMENTO: ESPIRAL.A COLEÇÃO DEVE ESTAR ADEQUADA Á NOVA MATRIZ DE REFERÊNCIA DO SAEB,ALINHADA A BNCC. A COLEÇÃO DEVE SER COMPOSTA POR: 1. LIVRO DO ESTUDANTE - MATERIAL IMPRESSO 2. MANUAL DO PROFESSOR - MATERIAL IMPRESSO 3. AVALIAÇÕES - MATERIAL IMPRESSO 4. MATERIAL MANIPULATIVO - KITS DE JOGOS PEDAGÓGICOS PLATAFORMA DIGITAL 1. SEQUÊNCIAS DIDÁTICAS - DISPONÍVEIS NA PLATAFORMA 2. GAMES E JOGOS DE AUTOAPRENDIZAGEM - DISPONÍVEIS NA PLATAFORMA 3. SIMULADO SAEB - DISPONÍVEIS NA PLATAFORMA ACOMPANHAMENTO DE ASSESSORIA PEDAGÓGICA FORMAÇÃO PEDAGÓGICA EM 04 (QUATRO) AÇÕES: 1. IMPLANTAÇÃO DO MATERIAL DIDÁTICO. 2. ANÁLISE DE RESULTADOS E RELATÓRIOS. 3. CONSTRUÇÃO DE PLANO DE INTERVENÇÃO PEDAGÓGICA. 4. FORMAÇÃO DOCENTE.",
        "qtd": 702.0,
        "total": 147420.0,
        "fornecedor": "RENOVE LTDA",
        "cnpj": "49180319000135",
        "e_alvo": false
      },
      {
        "item": 1629277,
        "desc": "PROJETO SOCIOEMOCIONAL -LIVRO\nDIDÁTICO 1º ANO FUNDAMENTAL - LIVRO COM\nDESENVOLVIMENTO DE HABILIDADES\nSOCIOEMOCIONAIS PARA ALUNOS DO 1º ANO DO\nENSINO FUNDAMENTAL ANOS INICIAIS.O\nMATERIAL DEVERÁ SER ANUAL, FORMATO DE\nAPROXIMADAMENTE 20,5X27,5, ACABAMENTO\nE ENOBRECIMENTO VERNIZ UV E ESPIRAL, COR\n4X4, PAPEL OFF SET, GRAMATURA MÍNIMA DO\nMIOLO DE 75 GRAMAS, CAPA E MATERIAL DE\nAPOIO EM GRAMATURA SUPERIOR AO MIOLO. NO\nMÍNIMO 72 PÁGINAS NO MATERIAL DO\nALUNO.MANUAL DO PROFESSOR: O MANUAL DO\nPROFESSOR DEVERÁ APRESENTAR AS LIÇÕES DOS PROJETO SOCIOEMOCIONAL -LIVRO\nDIDÁTICO 1º ANO FUNDAMENTAL - LIVRO COM\nDESENVOLVIMENTO DE HABILIDADES\nSOCIOEMOCIONAIS PARA ALUNOS DO 1º ANO DO\nENSINO FUNDAMENTAL ANOS INICIAIS.O\nMATERIAL DEVERÁ SER ANUAL, FORMATO DE\nAPROXIMADAMENTE 20,5X27,5, ACABAMENTO\nE ENOBRECIMENTO VERNIZ UV E ESPIRAL, COR\n4X4, PAPEL OFF SET, GRAMATURA MÍNIMA DO\nMIOLO DE 75 GRAMAS, CAPA E MATERIAL DE\nAPOIO EM GRAMATURA SUPERIOR AO MIOLO. NO\nMÍNIMO 72 PÁGINAS NO MATERIAL DO\nALUNO.MANUAL DO PROFESSOR: O MANUAL DO\nPROFESSOR DEVERÁ APRESENTAR AS LIÇÕES DOS\nALUNOS REDUZIDAS COM ORIENTAÇÕES\nALINHADAS COM AS HABILIDADES DE LIDERANÇA\nE FORMAÇÃO SOCIOEMOCIONAL. GUIA DA FAMÍLIA\nCOM O OBJETIVO DE COMUNICAR SOBRE O\nPROCESSO DE LIDERANÇA E FORMAÇÃO\nSOCIOEMOCIONAL DOS ALUNOS.\nASSESSORIA E FORMAÇÃO\nDEVERÁ SER OFERECIDO SEM CUSTOS ADICIONAIS\nUM PROGRAMA DE FORMAÇÃO SOCIOEMOCIONAL PARA IMPLANTAÇÃO E ACOMPANHAMENTO DO\nMATERIAL NA REDE MUNICIPAL DE ENSINO PARA\nO PÚBLICO DE GESTORES, PROFESSORES, QUADRO\nDE APOIO ADMINISTRATIVO, INCLUIR AINDA\nPALESTRA PARA A FAMÍLIA. A CARGA HORÁRIA\nTOTAL FINAL DEVERÁ SER DE NO MINIMO 30\nHORAS ANUAIS, COM CERTIFICAÇÃO DE\nPARTICIPAÇÃO DOS PRESENTES NOS ENCONTROS,\nA SER DISPONIBILIZADO ATÉ O TÉRMINO DO ANO\nLETIVO. PLATAFORMA\nPLATAFORMA PARA ALUNOS, RESPONSÁVEIS,\nPROFESSORES E GESTORES, CONTENDO A VERSÃO\nDIGITAL E INTERATIVA DO MATERIAL DIDÁTICO,\nOBJETOS EDUCACIONAIS COMO: VÍDEOS,\nANIMAÇÕES, MÚSICAS, PLAYBACK, ATIVIDADES\nLÚDICAS, PDF EDITÁVEL E PREFERENCIALMENTE\nCOM POSSIBILIDADES DE AULAS SÍNCRONAS E\nASSÍNCRONAS...",
        "qtd": 702.0,
        "total": 296244.0,
        "fornecedor": "RENOVE LTDA",
        "cnpj": "49180319000135",
        "e_alvo": false
      },
      {
        "item": 1629279,
        "desc": "PROJETO SOCIOEMOCIONAL -LIVRO\nDIDÁTICO 3º ANO FUNDAMENTAL - LIVRO COM\nDESENVOLVIMENTO DE HABILIDADES\nSOCIOEMOCIONAIS PARA ALUNOS DO 3º ANO DO\nENSINO FUNDAMENTAL ANOS INICIAIS.O\nMATERIAL DEVERÁ SER ANUAL, FORMATO DE\nAPROXIMADAMENTE 20,5X27,5, ACABAMENTO\nE ENOBRECIMENTO VERNIZ UV E ESPIRAL, COR\n4X4, PAPEL OFF SET, GRAMATURA MÍNIMA DO\nMIOLO DE 75 GRAMAS, CAPA E MATERIAL DE\nAPOIO EM GRAMATURA SUPERIOR AO MIOLO. NO\nMÍNIMO 72 PÁGINAS NO MATERIAL DO\nALUNO.MANUAL DO PROFESSOR: O MANUAL DO\nPROFESSOR DEVERÁ APRESENTAR AS LIÇÕES DOS\nALUNOS REDUZIDAS COM ORIENTAÇÕES\nALINHADAS COM AS HABILIDADES DE LIDERANÇA\nE FORMAÇÃO SOCIOEMOCIONAL.GUIA DA FAMÍLIA\nCOM O OBJETIVO DE COMUNICAR SOBRE O\nPROCESSO DE LIDERANÇA E FORMAÇÃO\nSOCIOEMOCIONAL DOS ALUNOS.\nASSESSORIA E FORMAÇÃO\nDEVERÁ SER OFERECIDO SEM CUSTOS ADICIONAIS\nUM PROGRAMA DE FORMAÇÃO SOCIOEMOCIONAL\nPARA IMPLANTAÇÃO E ACOMPANHAMENTO DO\nMATERIAL NA REDE MUNICIPAL DE ENSINO PARA\nO PÚBLICO DE GESTORES, PROFESSORES, QUADRO\nDE APOIO ADMINISTRATIVO, INCLUIR AINDA\nPALESTRA PARA A FAMÍLIA. A CARGA HORÁRIA\nTOTAL FINAL DEVERÁ SER DE NO MINIMO 30\nHORAS ANUAIS, COM CERTIFICAÇÃO DE\nPARTICIPAÇÃO DOS PRESENTES NOS ENCONTROS,\nA SER DISPONIBILIZADO ATÉ O TÉRMINO DO ANO\nLETIVO. PLATAFORMA\nPLATAFORMA PARA ALUNOS, RESPONSÁVEIS,\nPROFESSORES E GESTORES, CONTENDO A VERSÃO\nDIGITAL E INTERATIVA DO MATERIAL DIDÁTICO,\nOBJETOS EDUCACIONAIS COMO: VÍDEOS,\nANIMAÇÕES, MÚSICAS, PLAYBACK, ATIVIDADES\nLÚDICAS, PDF EDITÁVEL E PREFERENCIALMENTE\nCOM POSSIBILIDADES DE AULAS SÍNCRONAS E\nASSÍNCRONAS AGENDADAS.",
        "qtd": 730.0,
        "total": 308060.0,
        "fornecedor": "RENOVE LTDA",
        "cnpj": "49180319000135",
        "e_alvo": false
      },
      {
        "item": 1629278,
        "desc": "PROJETO SOCIOEMOCIONAL -LIVRO\nDIDÁTICO 2º ANO FUNDAMENTAL - LIVRO COM\nDESENVOLVIMENTO DE HABILIDADES\nSOCIOEMOCIONAIS PARA ALUNOS DO 2º ANO DO\nENSINO FUNDAMENTAL ANOS INICIAIS.O\nMATERIAL DEVERÁ SER ANUAL, FORMATO DE\nAPROXIMADAMENTE 20,5X27,5, ACABAMENTO\nE ENOBRECIMENTO VERNIZ UV E ESPIRAL, COR\n4X4, PAPEL OFF SET, GRAMATURA MÍNIMA DO\nMIOLO DE 75 GRAMAS, CAPA E MATERIAL DE\nAPOIO EM GRAMATURA SUPERIOR AO MIOLO. NO\nMÍNIMO 72 PÁGINAS NO MATERIAL DO\nALUNO.MANUAL DO PROFESSOR: O MANUAL DO\nPROFESSOR DEVERÁ APRESENTAR AS LIÇÕES DOS\nALUNOS REDUZIDAS COM ORIENTAÇÕES\nALINHADAS COM AS HABILIDADES DE LIDERANÇA\nE FORMAÇÃO SOCIOEMOCIONAL.GUIA DA FAMÍLIA\nCOM O OBJETIVO DE COMUNICAR SOBRE O\nPROCESSO DE LIDERANÇA E FORMAÇÃO\nSOCIOEMOCIONAL DOS ALUNOS .\nASSESSORIA E FORMAÇÃO\nDEVERÁ SER OFERECIDO SEM CUSTOS ADICIONAIS\nUM PROGRAMA DE FORMAÇÃO SOCIOEMOCIONAL\nPARA IMPLANTAÇÃO E ACOMPANHAMENTO DO\nMATERIAL NA REDE MUNICIPAL DE ENSINO PARA\nO PÚBLICO DE GESTORES, PROFESSORES, QUADRO\nDE APOIO ADMINISTRATIVO, INCLUIR AINDA\nPALESTRA PARA A FAMÍLIA. A CARGA HORÁRIA TOTAL FINAL DEVERÁ SER DE NO MINIMO 30\nHORAS ANUAIS, COM CERTIFICAÇÃO DE\nPARTICIPAÇÃO DOS PRESENTES NOS ENCONTROS,\nA SER DISPONIBILIZADO ATÉ O TÉRMINO DO ANO\nLETIVO. PLATAFORMA\nPLATAFORMA PARA ALUNOS, RESPONSÁVEIS,\nPROFESSORES E GESTORES, CONTENDO A VERSÃO\nDIGITAL E INTERATIVA DO MATERIAL DIDÁTICO,\nOBJETOS EDUCACIONAIS COMO: VÍDEOS,\nANIMAÇÕES, MÚSICAS, PLAYBACK, ATIVIDADES\nLÚDICAS, PDF EDITÁVEL E PREFERENCIALMENTE\nCOM POSSIBILIDADES DE AULAS SÍNCRONAS E\nASSÍNCRONAS AGENDADAS.",
        "qtd": 780.0,
        "total": 329160.0,
        "fornecedor": "RENOVE LTDA",
        "cnpj": "49180319000135",
        "e_alvo": false
      },
      {
        "item": 1629280,
        "desc": "PROJETO SOCIOEMOCIONAL -LIVRO\nDIDÁTICO 4º ANO FUNDAMENTAL - LIVRO COM\nDESENVOLVIMENTO DE HABILIDADES\nSOCIOEMOCIONAIS PARA ALUNOS DO 4º ANO DO\nENSINO FUNDAMENTAL ANOS INICIAIS.O\nMATERIAL DEVERÁ SER ANUAL, FORMATO DE\nAPROXIMADAMENTE 20,5X27,5, ACABAMENTO\nE ENOBRECIMENTO VERNIZ UV E ESPIRAL, COR\n4X4, PAPEL OFF SET, GRAMATURA MÍNIMA DO\nMIOLO DE 75 GRAMAS, CAPA E MATERIAL DE\nAPOIO EM GRAMATURA SUPERIOR AO MIOLO. NO\nMÍNIMO 72 PÁGINAS NO MATERIAL DO\nALUNO.MANUAL DO PROFESSOR: O MANUAL DO\nPROFESSOR DEVERÁ APRESENTAR AS LIÇÕES DOS\nALUNOS REDUZIDAS COM ORIENTAÇÕES\nALINHADAS COM AS HABILIDADES DE LIDERANÇA\nE FORMAÇÃO SOCIOEMOCIONAL. GUIA DA FAMÍLIA COM O OBJETIVO DE COMUNICAR SOBRE O\nPROCESSO DE LIDERANÇA E FORMAÇÃO\nSOCIOEMOCIONAL DOS ALUNOS.\nASSESSORIA E FORMAÇÃO\nDEVERÁ SER OFERECIDO SEM CUSTOS ADICIONAIS\nPROGRAMA DE FORMAÇÃO SOCIOEMOCIONAL\nPARA IMPLANTAÇÃO E ACOMPANHAMENTO DO\nMATERIAL NA REDE MUNICIPAL DE ENSINO PARA\nO PÚBLICO DE GESTORES, PROFESSORES, QUADRO\nDE APOIO ADMINISTRATIVO, INCLUIR AINDA\nPALESTRA PARA A FAMÍLIA. A CARGA HORÁRIA\nTOTAL FINAL DEVERÁ SER DE NO MINIMO 30\nHORAS ANUAIS, COM CERTIFICAÇÃO DE\nPARTICIPAÇÃO DOS PRESENTES NOS ENCONTROS,\nA SER DISPONIBILIZADO ATÉ O TÉRMINO DO ANO\nLETIVO. PLATAFORMA\nPLATAFORMA PARA ALUNOS, RESPONSÁVEIS,\nPROFESSORES E GESTORES, CONTENDO A VERSÃO\nDIGITAL E INTERATIVA DO MATERIAL DIDÁTICO,\nOBJETOS EDUCACIONAIS COMO: VÍDEOS,\nANIMAÇÕES, MÚSICAS, PLAYBACK, ATIVIDADES\nLÚDICAS, PDF EDITÁVEL E PREFERENCIALMENTE\nCOM POSSIBILIDADES DE AULAS SÍNCRONAS E\nASSÍNCRONAS AGENDADAS",
        "qtd": 794.0,
        "total": 335068.0,
        "fornecedor": "RENOVE LTDA",
        "cnpj": "49180319000135",
        "e_alvo": false
      },
      {
        "item": 1629281,
        "desc": "PROJETO SOCIOEMOCIONAL -LIVRO\nDIDÁTICO 5º ANO FUNDAMENTAL - LIVRO COM\nDESENVOLVIMENTO DE HABILIDADES\nSOCIOEMOCIONAIS PARA ALUNOS DO 5º ANO DO\nENSINO FUNDAMENTAL ANOS INICIAIS.O\nMATERIAL DEVERÁ SER ANUAL, FORMATO DE\nAPROXIMADAMENTE 20,5X27,5, ACABAMENTO\nE ENOBRECIMENTO VERNIZ UV E ESPIRAL, COR\n4X4, PAPEL OFF SET, GRAMATURA MÍNIMA DO\nMIOLO DE 75 GRAMAS, CAPA E MATERIAL DE\nAPOIO EM GRAMATURA SUPERIOR AO MIOLO. NO\nMÍNIMO 72 PÁGINAS NO MATERIAL DO\nALUNO.MANUAL DO PROFESSOR: O MANUAL DO\nPROFESSOR DEVERÁ APRESENTAR AS LIÇÕES DOS\nALUNOS REDUZIDAS COM ORIENTAÇÕES\nALINHADAS COM AS HABILIDADES DE LIDERANÇA\nE FORMAÇÃO SOCIOEMOCIONAL. GUIA DA FAMÍLIA\nCOM O OBJETIVO DE COMUNICAR SOBRE O\nPROCESSO DE LIDERANÇA E FORMAÇÃO\nSOCIOEMOCIONAL DOS ALUNOS.\nASSESSORIA E FORMAÇÃO\nDEVERÁ SER OFERECIDO SEM CUSTOS ADICIONAIS\nUM PROGRAMA DE FORMAÇÃO\nSOCIOEMOCIONAL PARA IMPLANTAÇÃO E\nACOMPANHAMENTO DO MATERIAL NA REDE\nMUNICIPAL DE ENSINO PARA O PÚBLICO DE\nGESTORES, PROFESSORES, QUADRO DE APOIO\nADMINISTRATIVO, INCLUIR AINDA PALESTRA PARA\nA FAMÍLIA. A CARGA HORÁRIA TOTAL FINAL DEVERÁ\nSER DE NO MINIMO 30 HORAS ANUAIS, COM\nCERTIFICAÇÃO DE PARTICIPAÇÃO DOS PRESENTES\nNOS ENCONTROS, A SER DISPONIBILIZADO ATÉ O\nTÉRMINO DO ANO LETIVO.\nPLATAFORMA\nPLATAFORMA PARA ALUNOS, RESPONSÁVEIS,\nPROFESSORES E GESTORES, CONTENDO A VERSÃO",
        "qtd": 850.0,
        "total": 358700.0,
        "fornecedor": "RENOVE LTDA",
        "cnpj": "49180319000135",
        "e_alvo": false
      },
      {
        "item": 1629282,
        "desc": "PROJETO SOCIOEMOCIONAL -LIVRO\nDIDÁTICO 6º ANO FUNDAMENTAL - LIVRO COM\nDESENVOLVIMENTO DE HABILIDADES\nSOCIOEMOCIONAIS PARA ALUNOS DO 6º ANO DO\nENSINO FUNDAMENTAL ANOS INICIAIS.O\nMATERIAL DEVERÁ SER ANUAL, FORMATO DE\nAPROXIMADAMENTE 220X260MM,\nACABAMENTO E ENOBRECIMENTO LAMINADO,\nCOR 4X4, PAPEL OFF SET, GRAMATURA MÍNIMA\nDO MIOLO DE 75 GRAMAS, CAPA E MATERIAL DE\nAPOIO EM GRAMATURA SUPERIOR AO MIOLO. NO\nMÍNIMO 90 PÁGINAS NO MATERIAL DO ALUNO.O\nMANUAL DO PROFESSOR DEVERÁ APRESENTAR AS\nLIÇÕES DOS ALUNOS REDUZIDAS COM\nORIENTAÇÕES ALINHADAS COM AS HABILIDADES\nDE LIDERANÇA E FORMAÇÃO\nSOCIOEMOCIONAL.GUIA DA FAMÍLIA COM O\nOBJETIVO DE COMUNICAR SOBRE O PROCESSO DE\nLIDERANÇA E FORMAÇÃO SOCIOEMOCIONAL DOS\nALUNOS, TRAZENDO TAMBÉM INFORMAÇÕES\nSOBRE O PAPEL DA FAMÍLIA NESSE PROCESSO DE\nAPRENDIZAGEM .\nASSESSORIA PEDAGÓGICA\nDEVERÁ SER OFERECIDO SEM CUSTOS ADICIONAIS\nPROGRAMA DE FORMAÇÃO SOCIOEMOCIONAL\nDEVERÁ APRESENTAR PROPOSTA DE ASSESSORIA\nPEDAGÓGICA PARA IMPLANTAÇÃO E\nACOMPANHAMENTO DO MATERIAL NA REDE\nMUNICIPAL DE ENSINO PARA O PÚBLICO DE\nGESTORES, PROFESSORES, QUADRO DE APOIO\nADMINISTRATIVO, INCLUIR AINDA PALESTRA PARA\nA FAMÍLIA. A CARGA HORÁRIA TOTAL FINAL DEVERÁ\nSER DE NO MINIMO 30 HORAS ANUAIS, COM\nCERTIFICAÇÃO DE PARTICIPAÇÃO DOS PRESENTES\nNOS ENCONTROS, A SER DISPONIBILIZADO ATÉ O\nTÉRMINO DO ANO LETIVO.\nPLATAFORMA\nPLATAFORMA PARA ALUNOS, RESPONSÁVEIS,\nPROFESSORES E GESTORES, CONTENDO A VERSÃO\nDIGITAL E INTERATIVA DO MATERIAL DIDÁTICO,\nOBJETOS EDUCACIONAIS COMO: VÍDEOS,\nANIMAÇÕES, MÚSICAS, PLAYBACK, ATIVIDADES\nLÚDICAS, PDF EDITÁVEL E PREFERENCIALMENTE\nCOM POSSIBILIDADES DE AULAS SÍNCRONAS E\nASSÍNCRONAS AGENDADAS.",
        "qtd": 790.0,
        "total": 333380.0,
        "fornecedor": "RENOVE LTDA",
        "cnpj": "49180319000135",
        "e_alvo": false
      },
      {
        "item": 1629283,
        "desc": "PROJETO SOCIOEMOCIONAL -LIVRO\nDIDÁTICO 7º ANO FUNDAMENTAL - LIVRO COM\nDESENVOLVIMENTO DE HABILIDADES\nSOCIOEMOCIONAIS PARA ALUNOS DO 7º ANO DO\nENSINO FUNDAMENTAL ANOS INICIAIS.O\nMATERIAL DEVERÁ SER ANUAL, FORMATO DE\nAPROXIMADAMENTE 220X260MM,\nACABAMENTO E ENOBRECIMENTO LAMINADO COR 4X4, PAPEL OFF SET, GRAMATURA MÍNIMA\nDO MIOLO DE 75 GRAMAS, CAPA E MATERIAL DE\nAPOIO EM GRAMATURA SUPERIOR AO MIOLO. NO\nMÍNIMO 90 PÁGINAS NO MATERIAL DO ALUNO.O\nMANUAL DO PROFESSOR DEVERÁ APRESENTAR AS\nLIÇÕES DOS ALUNOS REDUZIDAS COM\nORIENTAÇÕES ALINHADAS COM AS HABILIDADES\nDE LIDERANÇA E FORMAÇÃO\nSOCIOEMOCIONAL.GUIA DA FAMÍLIA COM O\nOBJETIVO DE COMUNICAR SOBRE O PROCESSO DE\nLIDERANÇA E FORMAÇÃO SOCIOEMOCIONAL DOS\nALUNOS, TRAZENDO TAMBÉM INFORMAÇÕES\nSOBRE O PAPEL DA FAMÍLIA NESSE PROCESSO DE\nAPRENDIZAGEM .\nASSESSORIA PEDAGÓGICA\nDEVERÁ SER OFERECIDO SEM CUSTOS ADICIONAIS\nUM PROGRAMA DE FORMAÇÃO SOCIOEMOCIONAL\nDEVERÁ APRESENTAR PROPOSTA DE ASSESSORIA\nPEDAGÓGICA PARA IMPLANTAÇÃO E\nACOMPANHAMENTO DO MATERIAL NA REDE\nMUNICIPAL DE ENSINO PARA O PÚBLICO DE\nGESTORES, PROFESSORES, QUADRO DE APOIO\nADMINISTRATIVO, INCLUIR AINDA PALESTRA PARA\nA FAMÍLIA. A CARGA HORÁRIA TOTAL FINAL DEVERÁ\nSER DE NO MINIMO 30 HORAS ANUAIS, COM\nCERTIFICAÇÃO DE PARTICIPAÇÃO DOS PRESENTES\nNOS ENCONTROS, A SER DISPONIBILIZADO ATÉ O\nTÉRMINO DO ANO LETIVO.\nPLATAFORMA\nPLATAFORMA PARA ALUNOS, RESPONSÁVEIS,\nPROFESSORES E GESTORES, CONTENDO A VERSÃO\nDIGITAL E INTERATIVA DO MATERIAL DIDÁTICO,\nOBJETOS EDUCACIONAIS COMO: VÍDEOS,\nANIMAÇÕES, MÚSICAS, PLAYBACK, ATIVIDADES\nLÚDICAS, PDF EDITÁVEL E PREFERENCIALMENTE\nCOM POSSIBILIDADES DE AULAS SÍNCRONAS E\nASSÍNCRONAS AGENDADAS.",
        "qtd": 968.0,
        "total": 408496.0,
        "fornecedor": "RENOVE LTDA",
        "cnpj": "49180319000135",
        "e_alvo": false
      },
      {
        "item": 1629285,
        "desc": "PROJETO SOCIOEMOCIONAL -LIVRO\nDIDÁTICO DO 9º ANO FUNDAMENTAL - LIVRO\nCOM DESENVOLVIMENTO DE HABILIDADES\nSOCIOEMOCIONAIS PARA ALUNOS DO 9º ANO DO\nENSINO FUNDAMENTAL ANOS INICIAIS.O\nMATERIAL DEVERÁ SER ANUAL, FORMATO DE\nAPROXIMADAMENTE 220X260MM,\nACABAMENTO E ENOBRECIMENTO LAMINADO,\nCOR 4X4, PAPEL OFF SET, GRAMATURA MÍNIMA\nDO MIOLO DE 75 GRAMAS, CAPA E MATERIAL DE\nAPOIO EM GRAMATURA SUPERIOR AO MIOLO. NO\nMÍNIMO 90 PÁGINAS NO MATERIAL DO ALUNO.O\nMANUAL DO PROFESSOR DEVERÁ APRESENTAR AS\nLIÇÕES DOS ALUNOS REDUZIDAS COM\nORIENTAÇÕES ALINHADAS COM AS HABILIDADES\nDE LIDERANÇA E FORMAÇÃO\nSOCIOEMOCIONAL.GUIA DA FAMÍLIA COM O\nOBJETIVO DE COMUNICAR SOBRE O PROCESSO DE\nLIDERANÇA E FORMAÇÃO SOCIOEMOCIONAL DOS\nALUNOS, TRAZENDO TAMBÉM INFORMAÇÕES\nSOBRE O PAPEL DA FAMÍLIA NESSE PROCESSO DE\nAPRENDIZAGEM .\nASSESSORIA PEDAGÓGICA\nDEVERÁ SER OFERECIDO SEM CUSTOS ADICIONAIS\nPROGRAMA DE FORMAÇÃO SOCIOEMOCIONAL\nDEVERÁ APRESENTAR PROPOSTA DE ASSESSORIA\nPEDAGÓGICA PARA IMPLANTAÇÃO E\nACOMPANHAMENTO DO MATERIAL NA REDE\nMUNICIPAL DE ENSINO PARA O PÚBLICO DE\nGESTORES, PROFESSORES, QUADRO DE APOIO\nADMINISTRATIVO, INCLUIR AINDA PALESTRA PARA\nA FAMÍLIA. A CARGA HORÁRIA TOTAL FINAL DEVERÁ\nSER DE NO MINIMO 30 HORAS ANUAIS, COM\nCERTIFICAÇÃO DE PARTICIPAÇÃO DOS PRESENTES\nNOS ENCONTROS, A SER DISPONIBILIZADO ATÉ O\nTÉRMINO DO ANO LETIVO.\nPLATAFORMA\nPLATAFORMA PARA ALUNOS, RESPONSÁVEIS,\nPROFESSORES E GESTORES, CONTENDO A VERSÃO\nDIGITAL E INTERATIVA DO MATERIAL DIDÁTICO, OBJETOS EDUCACIONAIS COMO: VÍDEOS,\nANIMAÇÕES, MÚSICAS, PLAYBACK, ATIVIDADES\nLÚDICAS, PDF EDITÁVEL E PREFERENCIALMENTE\nCOM POSSIBILIDADES DE AULAS SÍNCRONAS E\nASSÍNCRONAS AGENDADAS.",
        "qtd": 900.0,
        "total": 379800.0,
        "fornecedor": "RENOVE LTDA",
        "cnpj": "49180319000135",
        "e_alvo": false
      },
      {
        "item": 1629284,
        "desc": "PROJETO SOCIOEMOCIONAL -LIVRO\nDIDÁTICO 8º ANO FUNDAMENTAL - LIVRO COM\nDESENVOLVIMENTO DE HABILIDADES\nSOCIOEMOCIONAIS PARA ALUNOS DO 8º ANO DO\nENSINO FUNDAMENTAL ANOS INICIAIS.O\nMATERIAL DEVERÁ SER ANUAL, FORMATO DE\nAPROXIMADAMENTE 220X260MM,\nACABAMENTO E ENOBRECIMENTO LAMINADO,\nCOR 4X4, PAPEL OFF SET, GRAMATURA MÍNIMA\nDO MIOLO DE 75 GRAMAS, CAPA E MATERIAL DE\nAPOIO EM GRAMATURA SUPERIOR AO MIOLO. NO\nMÍNIMO 90 PÁGINAS NO MATERIAL DO ALUNO.O\nMANUAL DO PROFESSOR DEVERÁ APRESENTAR AS\nLIÇÕES DOS ALUNOS REDUZIDAS COM\nORIENTAÇÕES ALINHADAS COM AS HABILIDADES\nDE LIDERANÇA E FORMAÇÃO\nSOCIOEMOCIONAL.GUIA DA FAMÍLIA COM O\nOBJETIVO DE COMUNICAR SOBRE O PROCESSO DE\nLIDERANÇA E FORMAÇÃO SOCIOEMOCIONAL DOS\nALUNOS, TRAZENDO TAMBÉM INFORMAÇÕES\nSOBRE O PAPEL DA FAMÍLIA NESSE PROCESSO DE\nAPRENDIZAGEM .\nASSESSORIA PEDAGÓGICA\nDEVERÁ SER OFERECIDO SEM CUSTOS ADICIONAIS UM PROGRAMA DE FORMAÇÃO SOCIOEMOCIONAL\nDEVERÁ APRESENTAR PROPOSTA DE ASSESSORIA\nPEDAGÓGICA PARA IMPLANTAÇÃO E\nACOMPANHAMENTO DO MATERIAL NA REDE\nMUNICIPAL DE ENSINO PARA O PÚBLICO DE\nGESTORES, PROFESSORES, QUADRO DE APOIO\nADMINISTRATIVO, INCLUIR AINDA PALESTRA PARA\nA FAMÍLIA. A CARGA HORÁRIA TOTAL FINAL DEVERÁ\nSER DE NO MINIMO 30 HORAS ANUAIS, COM\nCERTIFICAÇÃO DE PARTICIPAÇÃO DOS PRESENTES\nNOS ENCONTROS, A SER DISPONIBILIZADO ATÉ O\nTÉRMINO DO ANO LETIVO.\nPLATAFORMA\nPLATAFORMA PARA ALUNOS, RESPONSÁVEIS,\nPROFESSORES E GESTORES, CONTENDO A VERSÃO\nDIGITAL E INTERATIVA DO MATERIAL DIDÁTICO,\nOBJETOS EDUCACIONAIS COMO: VÍDEOS,\nANIMAÇÕES, MÚSICAS, PLAYBACK, ATIVIDADES\nLÚDICAS, PDF EDITÁVEL E PREFERENCIALMENTE\nCOM POSSIBILIDADES DE AULAS SÍNCRONAS E\nASSÍNCRONAS AGENDADAS.",
        "qtd": 822.0,
        "total": 346884.0,
        "fornecedor": "RENOVE LTDA",
        "cnpj": "49180319000135",
        "e_alvo": false
      },
      {
        "item": 1629269,
        "desc": "MATERIAL DE APOIO PEDAGÓGICO:LIVRO DE\nMATEMÁTICA - 8º ANO FUNDAMENTAL II -\nCOMPOSTO POR: 01 LIVRO DE MATEMÁTICA 8º\nANO ALUNO - CAPA: 20,5X27,5CM, CARTÃO\nSUPREMO 250G, 4 CORES, LAMINAÇÃO BRILHO\n- MIOLO: FORMATO DE APROXIMADAMENTE\n20,5 X 27,5 CM, PAPEL OFF-SET 75G,\nAPROXIMADAMENTE 180 PÁGINAS, 4/4 CORES\n- ACABAMENTO: ESPIRAL.A COLEÇÃO DEVE\nESTAR ADEQUADA Á NOVA MATRIZ DE\nREFERÊNCIA DO SAEB,ALINHADA A BNCC.\nA COLEÇÃO DEVE SER É COMPOSTA POR:\n1. LIVRO DO ESTUDANTE - MATERIAL IMPRESSO\n2. MANUAL DO PROFESSOR - MATERIAL IMPRESSO\n3. AVALIAÇÕES - MATERIAL IMPRESSO\n4. MATERIAL MANIPULATIVO - KITS DE JOGOS\nPEDAGÓGICOS\nPLATAFORMA DIGITAL\n1. SEQUÊNCIAS DIDÁTICAS - DISPONÍVEIS NA\nPLATAFORMA\n2. GAMES E JOGOS DE AUTOAPRENDIZAGEM -\nDISPONÍVEIS NA PLATAFORMA 3. SIMULADO SAEB - DISPONÍVEIS NA PLATAFORMA\nACOMPANHAMENTO DE ASSESSORIA\nPEDAGÓGICA * FORMAÇÃO PEDAGÓGICA EM 04 (QUATRO) AÇÕES:\n1. IMPLANTAÇÃO DO MATERIAL DIDÁTICO.\n2. ANÁLISE DE RESULTADOS E RELATÓRIOS.\n3. CONSTRUÇÃO DE PLANO DE INTERVENÇÃO\nPEDAGÓGICA.\n4. FORMAÇÃO DOCENTE.",
        "qtd": 822.0,
        "total": 172620.0,
        "fornecedor": "RENOVE LTDA",
        "cnpj": "49180319000135",
        "e_alvo": false
      },
      {
        "item": 1629259,
        "desc": "MATERIAL DE APOIO PEDAGÓGICO:LIVRO DE MATEMÁTICA- 3º ANO FUNDAMENTAL I- COMPOSTO POR: 01 LIVRO DE MATEMÁTICA 3º ANO ALUNO - CAPA: 20,5X27,5CM, CARTÃO SUPREMO 250G, 4 CORES, LAMINAÇÃO BRILHO - MIOLO: FORMATO DE APROXIMADAMENTE 20,5 X 27,5 CM, PAPEL OFF-SET 75G, APROXIMADAMENTE 110 PÁGINAS, COR 4/4 CORES - ACABAMENTO: ESPIRAL. A COLEÇÃO DEVE ESTAR ADEQUADA Á NOVA MATRIZ DE REFERÊNCIA DO SAEB,ALINHADA A BNCC. A COLEÇÃO DEVE SER É COMPOSTA POR: 1. LIVRO DO ESTUDANTE - MATERIAL IMPRESSO 2. MANUAL DO PROFESSOR - MATERIAL IMPRESSO 3. AVALIAÇÕES - MATERIAL IMPRESSO 4. MATERIAL MANIPULATIVO - KITS DE JOGOS PEDAGÓGICOS PLATAFORMA DIGITAL1. SEQUÊNCIAS DIDÁTICAS - DISPONÍVEIS NA PLATAFORMA 2. GAMES E JOGOS DE AUTOAPRENDIZAGEM - DISPONÍVEIS NA PLATAFORMA 3. SIMULADO SAEB - DISPONÍVEIS NA PLATAFORMA ACOMPANHAMENTO DE ASSESSORIA PEDAGÓGICA FORMAÇÃO PEDAGÓGICA EM 04 (QUATRO) AÇÕES: 1. IMPLANTAÇÃO DO MATERIAL DIDÁTICO. 2. ANÁLISE DE RESULTADOS E RELATÓRIOS. 3. CONSTRUÇÃO DE PLANO DE INTERVENÇÃO PEDAGÓGICA. 4. FORMAÇÃO DOCENTE.",
        "qtd": 730.0,
        "total": 153300.0,
        "fornecedor": "RENOVE LTDA",
        "cnpj": "49180319000135",
        "e_alvo": false
      },
      {
        "item": 1629271,
        "desc": "MATERIAL DE APOIO PEDAGÓGICO:LIVRO DE\nMATEMATICA - 9º ANO FUNDAMENTAL II-\nCOMPOSTO POR: 01 LIVRO DE MATEMÁTICA 9º\nANO ALUNO - CAPA: 20,5X27,5CM, CARTÃO\nSUPREMO 250G, 4 CORES, LAMINAÇÃO BRILHO\n- MIOLO: FORMATO DE APROXIMADAMENTE\n20,5 X 27,5 CM, PAPEL OFF-SET 75G,\nAPROXIMADAMENTE 180 PÁGINAS, COR 4/4\nCORES - ACABAMENTO: ESPIRAL.A COLEÇÃO\nDEVE ESTAR ADEQUADA Á NOVA MATRIZ DE\nREFERÊNCIA DO SAEB,ALINHADA A BNCC.\nA COLEÇÃO DEVE SER É COMPOSTA POR:\n1. LIVRO DO ESTUDANTE - MATERIAL IMPRESSO 2. MANUAL DO PROFESSOR - MATERIAL IMPRESSO\n3. AVALIAÇÕES - MATERIAL IMPRESSO\n4. MATERIAL MANIPULATIVO - KITS DE JOGOS\nPEDAGÓGICOS\nPLATAFORMA DIGITAL\n1. SEQUÊNCIAS DIDÁTICAS - DISPONÍVEIS NA\nPLATAFORMA\n2. GAMES E JOGOS DE AUTOAPRENDIZAGEM -\nDISPONÍVEIS NA PLATAFORMA\n3. SIMULADO SAEB - DISPONÍVEIS NA PLATAFORMA\nACOMPANHAMENTO DE ASSESSORIA\nPEDAGÓGICA\n* FORMAÇÃO PEDAGÓGICA EM 04 (QUATRO) AÇÕES:\n1. IMPLANTAÇÃO DO MATERIAL DIDÁTICO.\n2. ANÁLISE DE RESULTADOS E RELATÓRIOS. 3. CONSTRUÇÃO DE PLANO DE INTERVENÇÃO\nPEDAGÓGICA.\n4. FORMAÇÃO DOCENTE.",
        "qtd": 900.0,
        "total": 189000.0,
        "fornecedor": "RENOVE LTDA",
        "cnpj": "49180319000135",
        "e_alvo": false
      },
      {
        "item": 1629262,
        "desc": "MATERIAL DE APOIO PEDAGÓGICO:LIVRO DE LINGUA PORTUGUESA - 4º ANOFUNDAMENTAL I - COMPOSTO POR: 01 LIVRO DE PORTUGUÊS 4º ANO ALUNO - CAPA: 20,5X27,5CM, CARTÃO SUPREMO 250G, 4 CORES, LAMINAÇÃO BRILHO - MIOLO: FORMATO DE APROXIMADAMENTE 20,5 X 27,5 CM, PAPEL OFF-SET 75G, APROXIMADAMENTE 110 PÁGINAS, COR 4/4 CORES - ACABAMENTO: ESPIRAL. A COLEÇÃO DEVE ESTAR ADEQUADA Á NOVA MATRIZ DE REFERÊNCIA DO SAEB,ALINHADA A BNCC. A COLEÇÃO DEVE SER É COMPOSTA POR: 1. LIVRO DO ESTUDANTE - MATERIAL IMPRESSO 2. MANUAL DO PROFESSOR - MATERIAL IMPRESSO 3. AVALIAÇÕES - MATERIAL IMPRESSO 4. MATERIAL MANIPULATIVO - KITS DE JOGOS PEDAGÓGICOS PLATAFORMA DIGITAL 1. SEQUÊNCIAS DIDÁTICAS - DISPONÍVEIS NA PLATAFORMA 2. GAMES E JOGOS DE AUTOAPRENDIZAGEM - DISPONÍVEIS NA PLATAFORMA 3. SIMULADO SAEB - DISPONÍVEIS NA PLATAFORMA ACOMPANHAMENTO DE ASSESSORIA PEDAGÓGICA FORMAÇÃO PEDAGÓGICA EM 04 (QUATRO) AÇÕES: 1. IMPLANTAÇÃO DO MATERIAL DIDÁTICO. 2. ANÁLISE DE RESULTADOS E RELATÓRIOS. 3. CONSTRUÇÃO DE PLANO DE INTERVENÇÃO PEDAGÓGICA. 4. FORMAÇÃO DOCENTE.",
        "qtd": 794.0,
        "total": 166740.0,
        "fornecedor": "RENOVE LTDA",
        "cnpj": "49180319000135",
        "e_alvo": false
      },
      {
        "item": 1629263,
        "desc": "MATERIAL DE APOIO PEDAGÓGICO:LIVRO DE MATEMÁTICA - 5º ANO FUNDAMENTAL I- COMPOSTO POR: 01 LIVRO DE MATEMÁTICA 5º ANO ALUNO - CAPA:20,5X27,5CM, CARTÃO SUPREMO 250G, 4 CORES, LAMINAÇÃO BRILHO - MIOLO: FORMATODE APROXIMADAMENTE 20,5 X 27,5 CM, PAPEL OFF-SET 75G, APROXIMADAMENTE 140 PÁGINAS, 4/4 CORES - ACABAMENTO: ESPIRAL.A COLEÇÃO DEVE ESTAR ADEQUADA Á NOVA MATRIZ DE REFERÊNCIA DO SAEB,ALINHADA A BNCC. A COLEÇÃO DEVE SER É COMPOSTA POR: 1. LIVRO DO ESTUDANTE - MATERIAL IMPRESSO 2. MANUAL DO PROFESSOR - MATERIAL IMPRESSO 3. AVALIAÇÕES - MATERIAL IMPRESSO 4. MATERIAL MANIPULATIVO - KITS DE JOGOS PEDAGÓGICOS PLATAFORMA DIGITAL 1. SEQUÊNCIAS DIDÁTICAS - DISPONÍVEIS NA PLATAFORMA 2. GAMES E JOGOS DE AUTOAPRENDIZAGEM - DISPONÍVEIS NA PLATAFORMA 3. SIMULADO SAEB - DISPONÍVEIS NA PLATAFORMA ACOMPANHAMENTO DE ASSESSORIA PEDAGÓGICA FORMAÇÃO PEDAGÓGICA EM 04 (QUATRO) AÇÕES: 1. IMPLANTAÇÃO DO MATERIAL DIDÁTICO. 2. ANÁLISE DE RESULTADOS E RELATÓRIOS. 3. CONSTRUÇÃO DE PLANO DE INTERVENÇÃO PEDAGÓGICA.4. FORMAÇÃO DOCENTE.",
        "qtd": 850.0,
        "total": 178500.0,
        "fornecedor": "RENOVE LTDA",
        "cnpj": "49180319000135",
        "e_alvo": false
      },
      {
        "item": 1629273,
        "desc": "LIVROS DIDÁTICOS PARA O ALUNO NA EDUCAÇÃO\nINFANTIL (2 ANOS)-LIVRO DO ALUNO:\n● LIVROS DIDÁTICOS, SENDO 01 (UM) PARA CADA\nBIMESTRE OU SEMESTRE, CUJA ORGANIZAÇÃO\nDIDÁTICO - METODOLÓGICA ESTÁ ESTRUTURADA A\nPARTIR DOS CINCO CAMPOS DE EXPERIÊNCIAS E DOS\nSEUS DIREITOS DE APRENDIZAGEM PROPOSTOS PELA\nBASE NACIONAL COMUM CURRICULAR. MATERIAL EM FORMATO HORIZONTAL; CAPA CONFECCIONADA EM PAPEL RESISTENTE, COM IMPRESSÃO COLORIDA; MIOLO IMPRESSO EM PAPEL DE QUALIDADE E EM QUATRO CORES, COM ADESIVOS E DESTAQUE PARA O PROJETO GRÁFICO ADEQUADO À FAIXA ETÁRIA DAS CRIANÇAS; MATERIAL DE APOIO CONFECCIONADO EM PAPEL COM GRAMATURA MAIOR QUE A DO MIOLO; E ACABAMENTO EM ESPIRAL, COM PICOTE;\n● LIVRO IMPRESSO EM PAPEL CARTÃO, REMESSA\nANUAL, IMPRESSO EM CORES, COMPOSTO POR PRANCHAS QUE FAVORECEM O TRABALHO MANUAL, O FAZER ARTÍSTICO E O DESENVOLVIMENTO DA\nCOORDENAÇÃO MOTORA; ●MANUAL DO EDUCADOR EM FORMATO VERTICAL; CAPA CONFECCIONADA EM PAPEL RESISTENTE, COM\nIMPRESSÃO COLORIDA; MIOLO IMPRESSO EM PAPEL\nDE QUALIDADE E EM QUATRO CORES; E ACABAMENTO EM ESPIRAL.\n● LIVRO DA FAMÍLIA EM FORMATO ESPIRAL, REMESSA\nANUAL, ACABAMENTO EM PAPEL CARTÃO,COM\nATIVIDADES QUE SERÃO UTILIZADAS PELOS ALUNOS E PELA FAMÍLIA CONSIDERANDO SUAS\nPOSSIBILIDADES E CAPACIDADE;\n● LIVRO IMPRESSO, REMESSA ANUAL, COMPOSTO POR TEXTOS LITERÁRIOS, FORMAS E ILUSTRAÇÕES\nADEQUADOS À FAIXA ETÁRIA DO ALUNO COM A\nPROPOSTA DE AMPLIAR O VOCABULÁRIO DOS\nALUNOS E DESPERTAR O INTERESSE PELA LEITURA;\n● AGENDA ESCOLAR PARA OS ALUNOS;\n●AMBIENTE VIRTUAL PARA ALUNOS,PROFESSORES E\nGESTORES;\n● O MATERIAL IMPRESSO DEVERÁ SER\nACONDICIONADO EM BOLSA/ MALETA RESISTENTE E LAVÁVEL, SENDO UMA BOLSA/ MALETA PARA CADA\nALUNO.",
        "qtd": 700.0,
        "total": 280000.0,
        "fornecedor": "RENOVE LTDA",
        "cnpj": "49180319000135",
        "e_alvo": false
      },
      {
        "item": 1629260,
        "desc": "MATERIAL DE APOIO PEDAGÓGICO:LIVRO DE LINGUA PORTUGUESA - 3º ANO FUNDAMENTAL I - COMPOSTO POR: 01 LIVRO DE PORTUGUÊS 3º ANO ALUNO - CAPA: 20,5X27,5CM, CARTÃO SUPREMO 250G, 4 CORES, LAMINAÇÃO BRILHO - MIOLO: FORMATO DE APROXIMADAMENTE 20,5 X 27,5 CM, PAPEL OFF-SET 75G, APROXIMADAMENTE 110 PÁGINAS, COR 4/4 CORES - ACABAMENTO: ESPIRAL. A COLEÇÃO DEVE ESTAR ADEQUADA Á NOVA MATRIZ DE REFERÊNCIA DO SAEB,ALINHADA A BNCC. A COLEÇÃO DEVE SER É COMPOSTA POR: 1. LIVRO DO ESTUDANTE - MATERIAL IMPRESSO 2. MANUAL DO PROFESSOR - MATERIAL IMPRESSO 3. AVALIAÇÕES - MATERIAL IMPRESSO 4. MATERIAL MANIPULATIVO - KITS DE JOGOS PEDAGÓGICOS PLATAFORMA DIGITAL 1. SEQUÊNCIAS DIDÁTICAS - DISPONÍVEIS NA PLATAFORMA 2. GAMES E JOGOS DE AUTOAPRENDIZAGEM - DISPONÍVEIS NA PLATAFORMA 3. SIMULADO SAEB - DISPONÍVEIS NA PLATAFORMA ACOMPANHAMENTO DE ASSESSORIA PEDAGÓGICA FORMAÇÃO PEDAGÓGICA EM 04 (QUATRO) AÇÕES: 1. IMPLANTAÇÃO DO MATERIAL DIDÁTICO. 2. ANÁLISE DE RESULTADOS E RELATÓRIOS. 3. CONSTRUÇÃO DE PLANO DE INTERVENÇÃO PEDAGÓGICA. 4. FORMAÇÃO DOCENTE.",
        "qtd": 730.0,
        "total": 153300.0,
        "fornecedor": "RENOVE LTDA",
        "cnpj": "49180319000135",
        "e_alvo": false
      },
      {
        "item": 1629270,
        "desc": "MATERIAL DE APOIO PEDAGÓGICO:LIVRO DE\nLINGUA PORTUGUESA - 8º ANO\nFUNDAMENTAL II - COMPOSTO POR: 01 LIVRO\nDE PORTUGUÊS 8º ANO ALUNO - CAPA:\n20,5X27,5CM, CARTÃO SUPREMO 250G, 4\nCORES, LAMINAÇÃO BRILHO - MIOLO:\nFORMATO 20,5 X 27,5 CM, PAPEL OFF-SET 75G,\nAPROXIMADAMENTE 160 PÁGINAS, COR 4/4\nCORES - ACABAMENTO: ESPIRAL. A COLEÇÃO\nDEVE ESTAR ADEQUADA Á NOVA MATRIZ DE\nREFERÊNCIA DO SAEB,ALINHADA A BNCC.\nA COLEÇÃO DEVE SER É COMPOSTA POR:\n1. LIVRO DO ESTUDANTE - MATERIAL IMPRESSO\n2. MANUAL DO PROFESSOR - MATERIAL IMPRESSO\n3. AVALIAÇÕES - MATERIAL IMPRESSO\n4. MATERIAL MANIPULATIVO - KITS DE JOGOS\nPEDAGÓGICOS\nPLATAFORMA DIGITAL\n1. SEQUÊNCIAS DIDÁTICAS - DISPONÍVEIS NA\nPLATAFORMA\n2. GAMES E JOGOS DE AUTOAPRENDIZAGEM -\nDISPONÍVEIS NA PLATAFORMA\n3. SIMULADO SAEB - DISPONÍVEIS NA PLATAFORMA\nACOMPANHAMENTO DE ASSESSORIA\nPEDAGÓGICA\n* FORMAÇÃO PEDAGÓGICA EM 04 (QUATRO) AÇÕES:\n1. IMPLANTAÇÃO DO MATERIAL DIDÁTICO.\n2. ANÁLISE DE RESULTADOS E RELATÓRIOS.\n3. CONSTRUÇÃO DE PLANO DE INTERVENÇÃO\nPEDAGÓGICA.\n4. FORMAÇÃO DOCENTE.",
        "qtd": 822.0,
        "total": 172620.0,
        "fornecedor": "RENOVE LTDA",
        "cnpj": "49180319000135",
        "e_alvo": false
      },
      {
        "item": 1629264,
        "desc": "MATERIAL DE APOIO PEDAGÓGICO:LIVRO DE LINGUA PORTUGUESA - 5º ANO FUNDAMENTAL I - COMPOSTO POR: 01 LIVRO DE PORTUGUÊS 5º ANO ALUNO - CAPA: 20,5X27,5CM, CARTÃO SUPREMO 250G, 4 CORES, LAMINAÇÃO BRILHO - MIOLO: FORMATO DE APROXIMADAMENTE 20,5 X 27,5 CM, PAPEL OFF-SET 75G, APROXIMADAMENTE 110 PÁGINAS, COR 4/4 CORES, 4/4 CORES - ACABAMENTO: ESPIRAL.A COLEÇÃO DEVE ESTAR ADEQUADA Á NOVA MATRIZ DE REFERÊNCIA DO SAEB,ALINHADA A BNCC. A COLEÇÃO DEVE SER COMPOSTA POR: 1. LIVRO DO ESTUDANTE - MATERIAL IMPRESSO 2. MANUAL DO PROFESSOR - MATERIAL IMPRESSO 3. AVALIAÇÕES - MATERIAL IMPRESSO 4. MATERIAL MANIPULATIVO - KITS DE JOGOS PEDAGÓGICOS PLATAFORMA DIGITAL 1. SEQUÊNCIAS DIDÁTICAS - DISPONÍVEIS NA PLATAFORMA 2. GAMES E JOGOS DE AUTOAPRENDIZAGEM - DISPONÍVEIS NA PLATAFORMA 3. SIMULADO SAEB - DISPONÍVEIS NA PLATAFORMA ACOMPANHAMENTO DE ASSESSORIA PEDAGÓGICA FORMAÇÃO PEDAGÓGICA EM 04 (QUATRO) AÇÕES: 1. IMPLANTAÇÃO DO MATERIAL DIDÁTICO. 2. ANÁLISE DE RESULTADOS E RELATÓRIOS. 3. CONSTRUÇÃO DE PLANO DE INTERVENÇÃO PEDAGÓGICA. 4. FORMAÇÃO DOCENTE.",
        "qtd": 850.0,
        "total": 178500.0,
        "fornecedor": "RENOVE LTDA",
        "cnpj": "49180319000135",
        "e_alvo": false
      },
      {
        "item": 1629272,
        "desc": "MATERIAL DE APOIO PEDAGÓGICO:LIVRO DE\nLINGUA PORTUGUESA - 9º\nANOFUNDAMENTAL II - COMPOSTO POR: 01\nLIVRO DE PORTUGUÊS 9º ANO ALUNO - CAPA:\n20,5X27,5CM, CARTÃO SUPREMO 250G, 4\nCORES, LAMINAÇÃO BRILHO - MIOLO:\nFORMATO DE APROXIMADAMENTE 20,5 X 27,5\nCM, PAPEL OFF-SET 75G, APROXIMADAMENTE\n160 PÁGINAS, COR 4/4 CORES - ACABAMENTO:\nESPIRAL. A COLEÇÃO DEVE ESTAR ADEQUADA\nÁ NOVA MATRIZ DE REFERÊNCIA DO\nSAEB,ALINHADA A BNCC.\nA COLEÇÃO DEVE SER É COMPOSTA POR:\n1. LIVRO DO ESTUDANTE - MATERIAL IMPRESSO\n2. MANUAL DO PROFESSOR - MATERIAL IMPRESSO\n3. AVALIAÇÕES - MATERIAL IMPRESSO\n4. MATERIAL MANIPULATIVO - KITS DE JOGOS\nPEDAGÓGICOS\nPLATAFORMA DIGITAL\n1. SEQUÊNCIAS DIDÁTICAS - DISPONÍVEIS NA\nPLATAFORMA\n2. GAMES E JOGOS DE AUTOAPRENDIZAGEM -\nDISPONÍVEIS NA PLATAFORMA\n3. SIMULADO SAEB - DISPONÍVEIS NA PLATAFORMA\nACOMPANHAMENTO DE ASSESSORIA\nPEDAGÓGICA\n* FORMAÇÃO PEDAGÓGICA EM 04 (QUATRO) AÇÕES:\n1. IMPLANTAÇÃO DO MATERIAL DIDÁTICO.\n2. ANÁLISE DE RESULTADOS E RELATÓRIOS.\n3. CONSTRUÇÃO DE PLANO DE INTERVENÇÃO\nPEDAGÓGICA.\n4. FORMAÇÃO DOCENTE.",
        "qtd": 900.0,
        "total": 189000.0,
        "fornecedor": "RENOVE LTDA",
        "cnpj": "49180319000135",
        "e_alvo": false
      },
      {
        "item": 1629265,
        "desc": "MATERIAL DE APOIO PEDAGÓGICO:LIVRO DE MATEMÁTICA - 6º ANO FUNDAMENTAL II- COMPOSTO POR: 01 LIVRO DE MATEMÁTICA 6º ANO ALUNO - CAPA: 20,5X27,5CM, CARTÃO SUPREMO 250G, 4 CORES, LAMINAÇÃO BRILHO - MIOLO: FORMATO DE APROXIMADAMENTE 20,5 X 27,5 CM, PAPEL OFF-SET 75G, APROXIMADAMENTE 180 PÁGINAS, 4/4 CORES - ACABAMENTO: ESPIRAL. A COLEÇÃO DEVE ESTAR ADEQUADA Á NOVA MATRIZ DE REFERÊNCIA DO SAEB,ALINHADA A BNCC. A COLEÇÃO DEVE SER É COMPOSTA POR: 1. LIVRO DO ESTUDANTE - MATERIAL IMPRESSO 2. MANUAL DO PROFESSOR - MATERIAL IMPRESSO 3. AVALIAÇÕES - MATERIAL IMPRESSO 4. MATERIAL MANIPULATIVO - KITS DE JOGOS PEDAGÓGICOS PLATAFORMA DIGITAL 1. SEQUÊNCIAS DIDÁTICAS - DISPONÍVEIS NA PLATAFORMA 2. GAMES E JOGOS DE AUTOAPRENDIZAGEM - DISPONÍVEIS NA PLATAFORMA 3. SIMULADO SAEB - DISPONÍVEIS NA PLATAFORMA ACOMPANHAMENTO DE ASSESSORIA PEDAGÓGICA FORMAÇÃO PEDAGÓGICA EM 04 (QUATRO) AÇÕES: 1. IMPLANTAÇÃO DO MATERIAL DIDÁTICO. 2. ANÁLISE DE RESULTADOS E RELATÓRIOS. 3. CONSTRUÇÃO DE PLANO DE INTERVENÇÃO PEDAGÓGICA. 4. FORMAÇÃO DOCENTE.",
        "qtd": 790.0,
        "total": 165900.0,
        "fornecedor": "RENOVE LTDA",
        "cnpj": "49180319000135",
        "e_alvo": false
      },
      {
        "item": 1629267,
        "desc": "MATERIAL DE APOIO PEDAGÓGICO:LIVRO DE MATEMÁTICA - 7º ANO FUNDAMENTAL II - COMPOSTO POR: 01 LIVRO DE MATEMÁTICA 7º ANO ALUNO - CAPA: 20,5X27,5CM, CARTÃO SUPREMO 250G, 4 CORES, LAMINAÇÃO BRILHO - MIOLO: FORMATO DE APROXIMADAMENTE 20,5 X 27,5 CM, PAPEL OFF-SET 75G, APROXIMADAMENTE 180 PÁGINAS, 4/4 CORES - ACABAMENTO: ESPIRAL. A COLEÇÃO DEVE ESTAR ADEQUADA Á NOVA MATRIZ DE REFERÊNCIA DO SAEB,ALINHADA A BNCC. A COLEÇÃO DEVE SER É COMPOSTA POR: 1. LIVRO DO ESTUDANTE - MATERIAL IMPRESSO 2. MANUAL DO PROFESSOR - MATERIAL IMPRESSO 3. AVALIAÇÕES - MATERIAL IMPRESSO 4. MATERIAL MANIPULATIVO - KITS DE JOGOS PEDAGÓGICOS PLATAFORMA DIGITAL 1. SEQUÊNCIAS DIDÁTICAS - DISPONÍVEIS NA PLATAFORMA 2. GAMES E JOGOS DE AUTOAPRENDIZAGEM - DISPONÍVEIS NA PLATAFORMA 3. SIMULADO SAEB - DISPONÍVEIS NA PLATAFORMA ACOMPANHAMENTO DE ASSESSORIA PEDAGÓGICA FORMAÇÃO PEDAGÓGICA EM 04 (QUATRO) AÇÕES: 1. IMPLANTAÇÃO DO MATERIAL DIDÁTICO. 2. ANÁLISE DE RESULTADOS E RELATÓRIOS. 3. CONSTRUÇÃO DE PLANO DE INTERVENÇÃO PEDAGÓGICA. 4. FORMAÇÃO DOCENTE.",
        "qtd": 968.0,
        "total": 203280.0,
        "fornecedor": "RENOVE LTDA",
        "cnpj": "49180319000135",
        "e_alvo": false
      },
      {
        "item": 1629266,
        "desc": "MATERIAL DE APOIO PEDAGÓGICO:LIVRO DE LINGUA PORTUGUESA - 6º ANO FUNDAMENTAL II - COMPOSTO POR: 01 LIVRO DE PORTUGUÊS 6º ANO ALUNO - CAPA: 20,5X27,5CM, CARTÃO SUPREMO 250G, 4 CORES, LAMINAÇÃO BRILHO - MIOLO: FORMATO DE APROXIMADAMENTE 20,5 X 27,5 CM, PAPEL OFF-SET 75G, APROXIMADAMENTE 160 PÁGINAS, 4/4 CORES - ACABAMENTO: ESPIRAL.A COLEÇÃO DEVE ESTAR ADEQUADA Á NOVA MATRIZ DE REFERÊNCIA DO SAEB,ALINHADA A BNCC. A COLEÇÃO DEVE SER É COMPOSTA POR: 1. LIVRO DO ESTUDANTE - MATERIAL IMPRESSO 2. MANUAL DO PROFESSOR - MATERIAL IMPRESSOm3. AVALIAÇÕES - MATERIAL IMPRESSO 4. MATERIAL MANIPULATIVO - KITS DE JOGOS PEDAGÓGICOS PLATAFORMA DIGITAL 1. SEQUÊNCIAS DIDÁTICAS - DISPONÍVEIS NA PLATAFORMA 2. GAMES E JOGOS DE AUTOAPRENDIZAGEM - DISPONÍVEIS NA PLATAFORMA 3. SIMULADO SAEB - DISPONÍVEIS NA PLATAFORMA ACOMPANHAMENTO DE ASSESSORIA PEDAGÓGICA FORMAÇÃO PEDAGÓGICA EM 04 (QUATRO) AÇÕES: 1. IMPLANTAÇÃO DO MATERIAL DIDÁTICO. 2. ANÁLISE DE RESULTADOS E RELATÓRIOS. 3. CONSTRUÇÃO DE PLANO DE INTERVENÇÃO PEDAGÓGICA. 4. FORMAÇÃO DOCENTE.",
        "qtd": 790.0,
        "total": 165900.0,
        "fornecedor": "RENOVE LTDA",
        "cnpj": "49180319000135",
        "e_alvo": false
      },
      {
        "item": 1629261,
        "desc": "MATERIAL DE APOIO PEDAGÓGICO:LIVRO DE MATEMÁTICA - 4º ANO FUNDAMENTAL I - COMPOSTO POR: 01 LIVRO DE MATEMÁTICA 4º ANO ALUNO - CAPA: 20,5X27,5CM, CARTÃO SUPREMO 250G, 4 CORES, LAMINAÇÃO BRILHO - MIOLO: FORMATO DE APROXIMADAMENTE 20,5 X 27,5 CM, PAPEL OFF-SET 75G, APROXIMADAMENTE 140 PÁGINAS, COR 4/4 CORES - ACABAMENTO: ESPIRAL. A COLEÇÃO DEVE ESTAR ADEQUADA Á NOVA MATRIZ DE REFERÊNCIA DO SAEB,ALINHADA A BNCC. A COLEÇÃO DEVE SER É COMPOSTA POR: 1. LIVRO DO ESTUDANTE - MATERIAL IMPRESSO 2. MANUAL DO PROFESSOR - MATERIAL IMPRESSO 3. AVALIAÇÕES - MATERIAL IMPRESSO 4. MATERIAL MANIPULATIVO - KITS DE JOGOS PEDAGÓGICOS PLATAFORMA DIGITAL 1. SEQUÊNCIAS DIDÁTICAS - DISPONÍVEIS NA PLATAFORMA 2. GAMES E JOGOS DE AUTOAPRENDIZAGEM -DISPONÍVEIS NA PLATAFORMA 3. SIMULADO SAEB - DISPONÍVEIS NA PLATAFORMA ACOMPANHAMENTO DE ASSESSORIA PEDAGÓGICA FORMAÇÃO PEDAGÓGICA EM 04 (QUATRO) AÇÕES: 1. IMPLANTAÇÃO DO MATERIAL DIDÁTICO. 2. ANÁLISE DE RESULTADOS E RELATÓRIOS. 3. CONSTRUÇÃO DE PLANO DE INTERVENÇÃO PEDAGÓGICA. 4. FORMAÇÃO DOCENTE.",
        "qtd": 794.0,
        "total": 166740.0,
        "fornecedor": "RENOVE LTDA",
        "cnpj": "49180319000135",
        "e_alvo": false
      },
      {
        "item": 1629258,
        "desc": "MATERIAL DE APOIO PEDAGÓGICO:LIVRO DE LINGUA PORTUGUESA - 2º ANO FUNDAMENTAL I- COMPOSTO POR: 01 LIVRO DE PORTUGUÊS 2º ANO ALUNO - CAPA: 20,5X27,5CM, CARTÃO SUPREMO 250G, 4 CORES, LAMINAÇÃO BRILHO - MIOLO: FORMATO DE APROXIMADAMENTE 20,5 X 27,5 CM, PAPEL OFF-SET 75G, APROXIMADAMENT100 PÁGINAS, COR 4/4 CORES - ACABAMENTO: ESPIRAL. A COLEÇÃO DEVE ESTAR ADEQUADA Á NOVA MATRIZ DE REFERÊNCIA DO SAEB,ALINHADA A BNCC. A COLEÇÃO DEVE SER É COMPOSTA POR: 1. LIVRO DO ESTUDANTE - MATERIAL IMPRESSO 2. MANUAL DO PROFESSOR - MATERIAL IMPRESSO 3. AVALIAÇÕES - MATERIAL IMPRESSO 4. MATERIAL MANIPULATIVO - KITS DE JOGOS PEDAGÓGICOS PLATAFORMA DIGITAL1. SEQUÊNCIAS DIDÁTICAS - DISPONÍVEIS NA PLATAFORMA 2. GAMES E JOGOS DE AUTOAPRENDIZAGEM - DISPONÍVEIS NA PLATAFORMA 3. SIMULADO SAEB - DISPONÍVEIS NA PLATAFORMA ACOMPANHAMENTO DE ASSESSORIA PEDAGÓGICAFORMAÇÃO PEDAGÓGICA EM 04 (QUATRO) AÇÕES: 1. IMPLANTAÇÃO DO MATERIAL DIDÁTICO. 2. ANÁLISE DE RESULTADOS E RELATÓRIOS. 3. CONSTRUÇÃO DE PLANO DE INTERVENÇÃO PEDAGÓGICA. 4. FORMAÇÃO DOCENTE.",
        "qtd": 780.0,
        "total": 163800.0,
        "fornecedor": "RENOVE LTDA",
        "cnpj": "49180319000135",
        "e_alvo": false
      },
      {
        "item": 1629268,
        "desc": "MATERIAL DE APOIO PEDAGÓGICO:LIVRO DE\nLINGUA PORTUGUESA - 7º ANO\nFUNDAMENTAL II- COMPOSTO POR: 01 LIVRO\nDE PORTUGUÊS 7º ANO ALUNO - CAPA:\n20,5X27,5CM, CARTÃO SUPREMO 250G, 4\nCORES, LAMINAÇÃO BRILHO - MIOLO:\nFORMATO DE APROXIMADAMENTE 20,5 X 27,5\nCM, PAPEL OFF-SET 75G, APROXIMADAMENTE\n160 PÁGINAS, COR 4/4 CORES - ACABAMENTO:\nESPIRAL. A COLEÇÃO DEVE ESTAR ADEQUADA\nÁ NOVA MATRIZ DE REFERÊNCIA DO\nSAEB,ALINHADA A BNCC.\nA COLEÇÃO DEVE SER É COMPOSTA POR:\n1. LIVRO DO ESTUDANTE - MATERIAL IMPRESSO 2. MANUAL DO PROFESSOR - MATERIAL IMPRESSO\n3. AVALIAÇÕES - MATERIAL IMPRESSO\n4. MATERIAL MANIPULATIVO - KITS DE JOGOS\nPEDAGÓGICOS\nPLATAFORMA DIGITAL\n1. SEQUÊNCIAS DIDÁTICAS - DISPONÍVEIS NA\nPLATAFORMA\n2. GAMES E JOGOS DE AUTOAPRENDIZAGEM -\nDISPONÍVEIS NA PLATAFORMA\n3. SIMULADO SAEB - DISPONÍVEIS NA PLATAFORMA\nACOMPANHAMENTO DE ASSESSORIA\nPEDAGÓGICA\n* FORMAÇÃO PEDAGÓGICA EM 04 (QUATRO) AÇÕES:\n1. IMPLANTAÇÃO DO MATERIAL DIDÁTICO.\n2. ANÁLISE DE RESULTADOS E RELATÓRIOS.\n3. CONSTRUÇÃO DE PLANO DE INTERVENÇÃO\nPEDAGÓGICA.\n4. FORMAÇÃO DOCENTE.",
        "qtd": 968.0,
        "total": 203280.0,
        "fornecedor": "RENOVE LTDA",
        "cnpj": "49180319000135",
        "e_alvo": false
      },
      {
        "item": 1629274,
        "desc": "LIVROS DIDÁTICOS PARA O ALUNO NA EDUCAÇÃO\nINFANTIL (3 ANOS) -LIVRO DO ALUNO:\n● LIVROS DIDÁTICOS, SENDO 01(UM) PARA CADA\nBIMESTRE OU SEMESTRE, CUJA ORGANIZAÇÃO\nDIDÁTICO-METODOLÓGICA ESTÁ ESTRUTURADA A PARTIR DOS CINCO CAMPOS DE EXPERIÊNCIAS E DOS SEUS DIREITOS DE APRENDIZAGEM PROPOSTOS PELA BASE NACIONAL COMUM CURRICULAR.MATERIAL EM FORMATO HORIZONTAL; CAPA CONFECCIONADA EM PAPEL RESISTENTE, COM IMPRESSÃO COLORIDA; MIOLOIMPRESSO EM PAPEL DE QUALIDADE E EM QUATROCORES, COM ADESIVOS E DESTAQUE PARA O PROJETO GRÁFICO ADEQUADO À FAIXA ETÁRIA DAS CRIANÇAS; MATERIAL DE APOIO CONFECCIONADO EM PAPEL COM GRAMATURA MAIOR QUE A DO MIOLO; E ACABAMENTEM ESPIRAL, COM PICOTE.\n● LIVRO IMPRESSO EM PAPEL CARTÃO, REMESSA\nANUAL, IMPRESSO EM CORES, COMPOSTO POR\nPRANCHAS QUE FAVORECEM O TRABALHO MANUAL, O FAZER ARTÍSTICO E O DESENVOLVIMENTO DA\nCOORDENAÇÃO MOTORA.: ●MANUAL DO EDUCADOR EM FORMATO VERTICAL;\nCAPA CONFECCIONADA EM PAPEL RESISTENTE, COM\nIMPRESSÃO COLORIDA; MIOLO IMPRESSO EM PAPEL\nDE QUALIDADE E EM QUATRO CORES; E ACABAMENTO\nEM ESPIRAL. ● LIVRO DA FAMÍLIA\nEM FORMATO ESPIRAL, REMESSA ANUAL, ACABAMENTO\nEM PAPEL CARTÃO, COM ATIVIDADES QUE SERÃO\nUTILIZADAS PELOS ALUNOS E PELA FAMÍLIA\nCONSIDERANDO SUAS POSSIBILIDADES E CAPACIDADE.\n● LIVRO IMPRESSO, REMESSA ANUAL, COMPOSTO POR\nTEXTOS LITERÁRIOS, FORMAS E ILUSTRAÇÕES\nADEQUADOS À FAIXA ETÁRIA DO ALUNO COM A\nPROPOSTA DE AMPLIAR O VOCABULÁRIO DOS\nALUNOS E DESPERTAR O INTERESSE PELA LEITURA.\n● LIVRO IMPRESSO, REMESSA ANUAL, EM PAPEL\nCARTÃO, IMPRESSO EM CORES,COMPOSTOPOR\nIMAGENS FRENTE E VERSO, DESTINADO AO\nDESENVOLVIMENTO DA IMAGINAÇÃO, AMPLIAÇÃO DE\nREPERTÓRIO E CRIAÇÃO DE POSSIBILIDADES PELOS ALUNOS.\n● AGENDA ESCOLAR PARA OS ALUNOS;\n●AMBIENTE VIRTUAL PARA ALUNOS,PROFESSORES E\nGESTORES;\n● O MATERIAL IMPRESSO DEVERÁ SER ACONDICIONADO EM BOLSA/MALETA RESISTENTE\nELAVÁVEL, SENDO UMA BOLSA/MALETA PARA CADA\nALUNO",
        "qtd": 630.0,
        "total": 252000.0,
        "fornecedor": "RENOVE LTDA",
        "cnpj": "49180319000135",
        "e_alvo": false
      },
      {
        "item": 1629286,
        "desc": "LIVRO DIDÁTICO PARA EDUCAÇÃO\nFINANCEIRA 1º ANO FUNDAMENTAL I:A\nCOLEÇÃO DEVE SER CAPAZ DE IMPACTAR\nPOSITIVAMENTE ESTUDANTES, EDUCADORES,\nCOLABORADORES E FAMÍLIAS. DEVE OFERECER UM\nCONJUNTO DE RECURSOS DIFERENCIADOS COM\nESTRATÉGIAS PEDAGÓGICAS ESPECÍFICAS, OFERECER\nDIVERSOS GÊNEROS E TIPOS DE TEXTOS (NARRATIVOS,\nDISSERTATIVOS, INJUNTIVOS) QUE CIRCULAM EM\nDIFERENTES ESFERAS OU CONTEXTOS DE NOSSA\nSOCIEDADE, COLOCANDO ESTUDANTES E EDUCADORES\nEM CONTATO COM DIFERENTES CONTEÚDOS DE\nFINANÇAS PESSOAIS, COMO FUNDAMENTOS\nECONÔMICOS, POUPANÇA, RENDA, INVESTIMENTO,\nEMPRÉSTIMO, PROTEÇÃO , PREVIDÊNCIA, MOEDAS\nSOCIAIS E DIGITAIS, ECONOMIA COLABORATIVA, ENTRE\nOUTROS. ALÉM DISSO, DEVE ESTAR ALINHADO COM AS\nDEMANDAS DA BNCC.\nCOMPOSIÇÃO DO KIT:\n* LIVRO DO ALUNO: O LIVRO DEVE OFERECER UM\nPROJETO INTERDISCIPLINAR, ATIVIDADES EXTRAS E\nACESSO A CONTEÚDOS COMPLEMENTARES E\nVÍDEOS;\n* A FAMÍLIA E OS COLABORADORES DA ESCOLA\nDEVEM RECEBER ACESSO AO CANAL VOLTADO PARA\nAS FINANÇAS EM CASA COM:DICAS DE FINANÇAS\nPESSOAIS E EDUCAÇÃO FINANCEIRA DOS\nFILHOS;UMA CONSULTORIA FINANCEIRA ON-LINE,\nPARA FORTALECER E CONTRIBUIR PARA AS FINANÇAS\nPESSOAIS; LIVRO EM PDF, PARA AJUDAR OS FILHOS\nA USAR, GERAR E TER DINHEIRO;\n*O LIVRO DO PROFESSOR:O MANUAL\nIMPRESSO,FORMAÇÃO NO INÍCIO DO ANO LETIVO E,\nAO LONGO DO ANO, AO FINAL DA FORMAÇÃO DEVE\nSER OFERECIDO CERTIFICADOS;\n*PLATAFORMA ON-LINE PARA O EDUCADOR,",
        "qtd": 702.0,
        "total": 117936.0,
        "fornecedor": "RENOVE LTDA",
        "cnpj": "49180319000135",
        "e_alvo": false
      },
      {
        "item": 1629287,
        "desc": "LIVRO DIDÁTICO PARA EDUCAÇÃO\nFINANCEIRA 2º ANO FUNDAMENTAL I:A\nCOLEÇÃO DEVE SER CAPAZ DE IMPACTAR\nPOSITIVAMENTE ESTUDANTES, EDUCADORES,\nCOLABORADORES E FAMÍLIAS. DEVE OFERECER UM\nCONJUNTO DE RECURSOS DIFERENCIADOS COM\nESTRATÉGIAS PEDAGÓGICAS ESPECÍFICAS, OFERECER\nDIVERSOS GÊNEROS E TIPOS DE TEXTOS (NARRATIVOS,\nDISSERTATIVOS, INJUNTIVOS) QUE CIRCULAM EM\nDIFERENTES ESFERAS OU CONTEXTOS DE NOSSA\nSOCIEDADE, COLOCANDO ESTUDANTES E EDUCADORES\nEM CONTATO COM DIFERENTES CONTEÚDOS DE\nFINANÇAS PESSOAIS, COMO FUNDAMENTOS\nECONÔMICOS, POUPANÇA, RENDA, INVESTIMENTO,\nEMPRÉSTIMO, PROTEÇÃO , PREVIDÊNCIA, MOEDAS\nSOCIAIS E DIGITAIS, ECONOMIA COLABORATIVA, ENTRE\nOUTROS. ALÉM DISSO, DEVE ESTAR ALINHADO COM AS\nDEMANDAS DA BNCC COMPOSIÇÃO DO KIT:\n* LIVRO DO ALUNO: O LIVRO DEVE OFERECER UM\nPROJETO INTERDISCIPLINAR, ATIVIDADES EXTRAS E\nACESSO A CONTEÚDOS COMPLEMENTARES E\nVÍDEOS;\n* A FAMÍLIA E OS COLABORADORES DA ESCOLA\nDEVEM RECEBER ACESSO AO CANAL VOLTADO PARA\nAS FINANÇAS EM CASA COM:DICAS DE FINANÇAS\nPESSOAIS E EDUCAÇÃO FINANCEIRA DOS\nFILHOS;UMA CONSULTORIA FINANCEIRA ON-LINE,\nPARA FORTALECER E CONTRIBUIR PARA AS FINANÇAS\nPESSOAIS; LIVRO EM PDF, PARA AJUDAR OS FILHOS\nA USAR, GERAR E TER DINHEIRO;\n*O LIVRO DO PROFESSOR:O MANUAL\nIMPRESSO,FORMAÇÃO NO INÍCIO DO ANO LETIVO E,\nAO LONGO DO ANO, AO FINAL DA FORMAÇÃO DEVE\nSER OFERECIDO CERTIFICADOS;\n*PLATAFORMA ON-LINE PARA O EDUCADOR",
        "qtd": 780.0,
        "total": 131040.0,
        "fornecedor": "RENOVE LTDA",
        "cnpj": "49180319000135",
        "e_alvo": false
      },
      {
        "item": 1629288,
        "desc": "LIVRO DIDÁTICO PARA EDUCAÇÃO\nFINANCEIRA 3º ANO FUNDAMENTAL I:A\nCOLEÇÃO DEVE SER CAPAZ DE IMPACTAR\nPOSITIVAMENTE ESTUDANTES, EDUCADORES,\nCOLABORADORES E FAMÍLIAS. DEVE OFERECER UM\nCONJUNTO DE RECURSOS DIFERENCIADOS COM\nESTRATÉGIAS PEDAGÓGICAS ESPECÍFICAS, OFERECER\nDIVERSOS GÊNEROS E TIPOS DE TEXTOS (NARRATIVOS,\nDISSERTATIVOS, INJUNTIVOS) QUE CIRCULAM EM\nDIFERENTES ESFERAS OU CONTEXTOS DE NOSSA\nSOCIEDADE, COLOCANDO ESTUDANTES E EDUCADORES\nEM CONTATO COM DIFERENTES CONTEÚDOS DE\nFINANÇAS PESSOAIS, COMO FUNDAMENTOS\nECONÔMICOS, POUPANÇA, RENDA, INVESTIMENTO,\nEMPRÉSTIMO, PROTEÇÃO , PREVIDÊNCIA, MOEDAS\nSOCIAIS E DIGITAIS, ECONOMIA COLABORATIVA, ENTRE\nOUTROS. ALÉM DISSO, DEVE ESTAR ALINHADO COM AS\nDEMANDAS DA BNCC.\nCOMPOSIÇÃO DO KIT:\n* LIVRO DO ALUNO: O LIVRO DEVE OFERECER UM\nPROJETO INTERDISCIPLINAR, ATIVIDADES EXTRAS E\nACESSO A CONTEÚDOS COMPLEMENTARES E\nVÍDEOS;\n* A FAMÍLIA E OS COLABORADORES DA ESCOLA\nDEVEM RECEBER ACESSO AO CANAL VOLTADO PARA\nAS FINANÇAS EM CASA COM:DICAS DE FINANÇAS\nPESSOAIS E EDUCAÇÃO FINANCEIRA DOS\nFILHOS;UMA CONSULTORIA FINANCEIRA ON-LINE,\nPARA FORTALECER E CONTRIBUIR PARA AS FINANÇAS\nPESSOAIS; LIVRO EM PDF, PARA AJUDAR OS FILHOS\nA USAR, GERAR E TER DINHEIRO;\n*O LIVRO DO PROFESSOR:O MANUAL\nIMPRESSO,FORMAÇÃO NO INÍCIO DO ANO LETIVO E,\nAO LONGO DO ANO, AO FINAL DA FORMAÇÃO DEVE\nSER OFERECIDO CERTIFICADOS;\n*PLATAFORMA ON-LINE PARA O EDUCADOR",
        "qtd": 730.0,
        "total": 122640.0,
        "fornecedor": "RENOVE LTDA",
        "cnpj": "49180319000135",
        "e_alvo": false
      },
      {
        "item": 1629290,
        "desc": "LIVRO DIDÁTICO PARA EDUCAÇÃO\nFINANCEIRA 5º ANO FUNDAMENTAL I:A\nCOLEÇÃO DEVE SER CAPAZ DE IMPACTAR\nPOSITIVAMENTE ESTUDANTES, EDUCADORES,\nCOLABORADORES E FAMÍLIAS. DEVE OFERECER UM\nCONJUNTO DE RECURSOS DIFERENCIADOS COM\nESTRATÉGIAS PEDAGÓGICAS ESPECÍFICAS, OFERECER\nDIVERSOS GÊNEROS E TIPOS DE TEXTOS (NARRATIVOS,\nDISSERTATIVOS, INJUNTIVOS) QUE CIRCULAM EM\nDIFERENTES ESFERAS OU CONTEXTOS DE NOSSA\nSOCIEDADE, COLOCANDO ESTUDANTES E EDUCADORES\nEM CONTATO COM DIFERENTES CONTEÚDOS DE\nFINANÇAS PESSOAIS, COMO FUNDAMENTOS\nECONÔMICOS, POUPANÇA, RENDA, INVESTIMENTO,\nEMPRÉSTIMO, PROTEÇÃO , PREVIDÊNCIA, MOEDAS\nSOCIAIS E DIGITAIS, ECONOMIA COLABORATIVA, ENTRE\nOUTROS. ALÉM DISSO, DEVE ESTAR ALINHADO COM AS\nDEMANDAS DA BNCC.\nCOMPOSIÇÃO DO KIT:\n* LIVRO DO ALUNO: O LIVRO DEVE OFERECER UM\nPROJETO INTERDISCIPLINAR, ATIVIDADES EXTRAS E\nACESSO A CONTEÚDOS COMPLEMENTARES E\nVÍDEOS;\n* A FAMÍLIA E OS COLABORADORES DA ESCOLA\nDEVEM RECEBER ACESSO AO CANAL VOLTADO PARA\nAS FINANÇAS EM CASA COM:DICAS DE FINANÇAS\nPESSOAIS E EDUCAÇÃO FINANCEIRA DOS\nFILHOS;UMA CONSULTORIA FINANCEIRA ON-LINE,\nPARA FORTALECER E CONTRIBUIR PARA AS FINANÇAS\nPESSOAIS; LIVRO EM PDF, PARA AJUDAR OS FILHOS\nA USAR, GERAR E TER DINHEIRO;\n*O LIVRO DO PROFESSOR:O MANUAL\nIMPRESSO,FORMAÇÃO NO INÍCIO DO ANO LETIVO E,\nAO LONGO DO ANO, AO FINAL DA FORMAÇÃO DEVE\nSER OFERECIDO CERTIFICADOS;\n*PLATAFORMA ON-LINE PARA O EDUCADOR.",
        "qtd": 850.0,
        "total": 142800.0,
        "fornecedor": "RENOVE LTDA",
        "cnpj": "49180319000135",
        "e_alvo": false
      },
      {
        "item": 1629289,
        "desc": "LIVRO DIDÁTICO PARA EDUCAÇÃO\nFINANCEIRA 4º ANO FUNDAMENTAL I:A\nCOLEÇÃO DEVE SER CAPAZ DE IMPACTAR\nPOSITIVAMENTE ESTUDANTES, EDUCADORES,\nCOLABORADORES E FAMÍLIAS. DEVE OFERECER UM\nCONJUNTO DE RECURSOS DIFERENCIADOS COM\nESTRATÉGIAS PEDAGÓGICAS ESPECÍFICAS, OFERECER\nDIVERSOS GÊNEROS E TIPOS DE TEXTOS (NARRATIVOS,\nDISSERTATIVOS, INJUNTIVOS) QUE CIRCULAM EM\nDIFERENTES ESFERAS OU CONTEXTOS DE NOSSA\nSOCIEDADE, COLOCANDO ESTUDANTES E EDUCADORES\nEM CONTATO COM DIFERENTES CONTEÚDOS DE\nFINANÇAS PESSOAIS, COMO FUNDAMENTOS\nECONÔMICOS, POUPANÇA, RENDA, INVESTIMENTO, EMPRÉSTIMO, PROTEÇÃO , PREVIDÊNCIA, MOEDAS\nSOCIAIS E DIGITAIS, ECONOMIA COLABORATIVA, ENTRE\nOUTROS. ALÉM DISSO, DEVE ESTAR ALINHADO COM AS\nDEMANDAS DA BNCC.\nCOMPOSIÇÃO DO KIT:\n* LIVRO DO ALUNO: O LIVRO DEVE OFERECER UM\nPROJETO INTERDISCIPLINAR, ATIVIDADES EXTRAS E\nACESSO A CONTEÚDOS COMPLEMENTARES E\nVÍDEOS;\n* A FAMÍLIA E OS COLABORADORES DA ESCOLA\nDEVEM RECEBER ACESSO AO CANAL VOLTADO PARA\nAS FINANÇAS EM CASA COM:DICAS DE FINANÇAS\nPESSOAIS E EDUCAÇÃO FINANCEIRA DOS\nFILHOS;UMA CONSULTORIA FINANCEIRA ON-LINE,\nPARA FORTALECER E CONTRIBUIR PARA AS FINANÇAS\nPESSOAIS; LIVRO EM PDF, PARA AJUDAR OS FILHOS\nA USAR, GERAR E TER DINHEIRO;\n*O LIVRO DO PROFESSOR:O MANUAL\nIMPRESSO,FORMAÇÃO NO INÍCIO DO ANO LETIVO E,\nAO LONGO DO ANO, AO FINAL DA FORMAÇÃO DEVE\nSER OFERECIDO CERTIFICADOS;\n*PLATAFORMA ON-LINE PARA O EDUCADO",
        "qtd": 794.0,
        "total": 133392.0,
        "fornecedor": "RENOVE LTDA",
        "cnpj": "49180319000135",
        "e_alvo": false
      },
      {
        "item": 1629291,
        "desc": "LIVRO DIDÁTICO PARA EDUCAÇÃO\nFINANCEIRA 6º ANO FUNDAMENTAL II:A\nCOLEÇÃO DEVE SER CAPAZ DE IMPACTAR\nPOSITIVAMENTE ESTUDANTES, EDUCADORES,\nCOLABORADORES E FAMÍLIAS. DEVE OFERECER UM\nCONJUNTO DE RECURSOS DIFERENCIADOS COM\nESTRATÉGIAS PEDAGÓGICAS ESPECÍFICAS, OFERECER\nDIVERSOS GÊNEROS E TIPOS DE TEXTOS (NARRATIVOS,\nDISSERTATIVOS, INJUNTIVOS) QUE CIRCULAM EM\nDIFERENTES ESFERAS OU CONTEXTOS DE NOSSA SOCIEDADE, COLOCANDO ESTUDANTES E EDUCADORES\nEM CONTATO COM DIFERENTES CONTEÚDOS DE\nFINANÇAS PESSOAIS, COMO FUNDAMENTOS\nECONÔMICOS, POUPANÇA, RENDA, INVESTIMENTO,\nEMPRÉSTIMO, PROTEÇÃO , PREVIDÊNCIA, MOEDAS\nSOCIAIS E DIGITAIS, ECONOMIA COLABORATIVA, ENTRE\nOUTROS. ALÉM DISSO, DEVE ESTAR ALINHADO COM AS\nDEMANDAS DA BNCC.\nCOMPOSIÇÃO DO KIT:\n* LIVRO DO ALUNO: O LIVRO DEVE OFERECER UM\nPROJETO INTERDISCIPLINAR, ATIVIDADES EXTRAS E\nACESSO A CONTEÚDOS COMPLEMENTARES E\nVÍDEOS;\n* A FAMÍLIA E OS COLABORADORES DA ESCOLA\nDEVEM RECEBER ACESSO AO CANAL VOLTADO PARA\nAS FINANÇAS EM CASA COM:DICAS DE FINANÇAS\nPESSOAIS E EDUCAÇÃO FINANCEIRA DOS\nFILHOS;UMA CONSULTORIA FINANCEIRA ON-LINE,\nPARA FORTALECER E CONTRIBUIR PARA AS FINANÇAS\nPESSOAIS; LIVRO EM PDF, PARA AJUDAR OS FILHOS\nA USAR, GERAR E TER DINHEIRO;\n*O LIVRO DO PROFESSOR:O MANUAL\nIMPRESSO,FORMAÇÃO NO INÍCIO DO ANO LETIVO E,\nAO LONGO DO ANO, AO FINAL DA FORMAÇÃO DEVE\nSER OFERECIDO CERTIFICADOS;\n*PLATAFORMA ON-LINE PARA O EDUCADOR",
        "qtd": 790.0,
        "total": 132720.0,
        "fornecedor": "RENOVE LTDA",
        "cnpj": "49180319000135",
        "e_alvo": false
      },
      {
        "item": 1629294,
        "desc": "LIVRO DIDÁTICO PARA EDUCAÇÃO\nFINANCEIRA 9º ANO FUNDAMENTAL II:A\nCOLEÇÃO DEVE SER CAPAZ DE IMPACTAR\nPOSITIVAMENTE ESTUDANTES, EDUCADORES,\nCOLABORADORES E FAMÍLIAS. DEVE OFERECER UM\nCONJUNTO DE RECURSOS DIFERENCIADOS COM\nESTRATÉGIAS PEDAGÓGICAS ESPECÍFICAS, OFERECER\nDIVERSOS GÊNEROS E TIPOS DE TEXTOS (NARRATIVOS,\nDISSERTATIVOS, INJUNTIVOS) QUE CIRCULAM EM\nDIFERENTES ESFERAS OU CONTEXTOS DE NOSSA\nSOCIEDADE, COLOCANDO ESTUDANTES E EDUCADORES\nEM CONTATO COM DIFERENTES CONTEÚDOS DE\nFINANÇAS PESSOAIS, COMO FUNDAMENTOS\nECONÔMICOS, POUPANÇA, RENDA, INVESTIMENTO,\nEMPRÉSTIMO, PROTEÇÃO , PREVIDÊNCIA, MOEDAS\nSOCIAIS E DIGITAIS, ECONOMIA COLABORATIVA, ENTRE\nOUTROS. ALÉM DISSO, DEVE ESTAR ALINHADO COM AS\nDEMANDAS DA BNCC.\nCOMPOSIÇÃO DO KIT:\n* LIVRO DO ALUNO: O LIVRO DEVE OFERECER UM\nPROJETO INTERDISCIPLINAR, ATIVIDADES EXTRAS E\nACESSO A CONTEÚDOS COMPLEMENTARES E\nVÍDEOS;\n* A FAMÍLIA E OS COLABORADORES DA ESCOLA\nDEVEM RECEBER ACESSO AO CANAL VOLTADO PARA\nAS FINANÇAS EM CASA COM:DICAS DE FINANÇAS\nPESSOAIS E EDUCAÇÃO FINANCEIRA DOS\nFILHOS;UMA CONSULTORIA FINANCEIRA ON-LINE,\nPARA FORTALECER E CONTRIBUIR PARA AS FINANÇAS\nPESSOAIS; LIVRO EM PDF, PARA AJUDAR OS FILHOS\nA USAR, GERAR E TER DINHEIRO;\n*O LIVRO DO PROFESSOR:O MANUAL\nIMPRESSO,FORMAÇÃO NO INÍCIO DO ANO LETIVO E,\nAO LONGO DO ANO, AO FINAL DA FORMAÇÃO DEVE\nSER OFERECIDO CERTIFICADOS;\n*PLATAFORMA ON-LINE PARA O EDUCADOR",
        "qtd": 900.0,
        "total": 151200.0,
        "fornecedor": "RENOVE LTDA",
        "cnpj": "49180319000135",
        "e_alvo": false
      },
      {
        "item": 1629293,
        "desc": "LIVRO DIDÁTICO PARA EDUCAÇÃO\nFINANCEIRA 8º ANO FUNDAMENTAL II:A\nCOLEÇÃO DEVE SER CAPAZ DE IMPACTAR\nPOSITIVAMENTE ESTUDANTES, EDUCADORES,\nCOLABORADORES E FAMÍLIAS. DEVE OFERECER UM\nCONJUNTO DE RECURSOS DIFERENCIADOS COM ESTRATÉGIAS PEDAGÓGICAS ESPECÍFICAS, OFERECER\nDIVERSOS GÊNEROS E TIPOS DE TEXTOS (NARRATIVOS,\nDISSERTATIVOS, INJUNTIVOS) QUE CIRCULAM EM\nDIFERENTES ESFERAS OU CONTEXTOS DE NOSSA\nSOCIEDADE, COLOCANDO ESTUDANTES E EDUCADORES\nEM CONTATO COM DIFERENTES CONTEÚDOS DE\nFINANÇAS PESSOAIS, COMO FUNDAMENTOS\nECONÔMICOS, POUPANÇA, RENDA, INVESTIMENTO,\nEMPRÉSTIMO, PROTEÇÃO , PREVIDÊNCIA, MOEDAS\nSOCIAIS E DIGITAIS, ECONOMIA COLABORATIVA, ENTRE\nOUTROS. ALÉM DISSO, DEVE ESTAR ALINHADO COM AS\nDEMANDAS DA BNCC.\nCOMPOSIÇÃO DO KIT:\n* LIVRO DO ALUNO: O LIVRO DEVE OFERECER UM\nPROJETO INTERDISCIPLINAR, ATIVIDADES EXTRAS E\nACESSO A CONTEÚDOS COMPLEMENTARES E\nVÍDEOS;\n* A FAMÍLIA E OS COLABORADORES DA ESCOLA\nDEVEM RECEBER ACESSO AO CANAL VOLTADO PARA\nAS FINANÇAS EM CASA COM:DICAS DE FINANÇAS\nPESSOAIS E EDUCAÇÃO FINANCEIRA DOS\nFILHOS;UMA CONSULTORIA FINANCEIRA ON-LINE,\nPARA FORTALECER E CONTRIBUIR PARA AS FINANÇAS\nPESSOAIS; LIVRO EM PDF, PARA AJUDAR OS FILHOS\nA USAR, GERAR E TER DINHEIRO;\n*O LIVRO DO PROFESSOR:O MANUAL\nIMPRESSO,FORMAÇÃO NO INÍCIO DO ANO LETIVO E,\nAO LONGO DO ANO, AO FINAL DA FORMAÇÃO DEVE\nSER OFERECIDO CERTIFICADOS;\n*PLATAFORMA ON-LINE PARA O EDUCADOR",
        "qtd": 822.0,
        "total": 138096.0,
        "fornecedor": "RENOVE LTDA",
        "cnpj": "49180319000135",
        "e_alvo": false
      },
      {
        "item": 1629292,
        "desc": "LIVRO DIDÁTICO PARA EDUCAÇÃO\nFINANCEIRA 7º ANO FUNDAMENTAL II:A\nCOLEÇÃO DEVE SER CAPAZ DE IMPACTAR\nPOSITIVAMENTE ESTUDANTES, EDUCADORES,\nCOLABORADORES E FAMÍLIAS. DEVE OFERECER UM\nCONJUNTO DE RECURSOS DIFERENCIADOS COM\nESTRATÉGIAS PEDAGÓGICAS ESPECÍFICAS, OFERECER\nDIVERSOS GÊNEROS E TIPOS DE TEXTOS (NARRATIVOS,\nDISSERTATIVOS, INJUNTIVOS) QUE CIRCULAM EM\nDIFERENTES ESFERAS OU CONTEXTOS DE NOSSA\nSOCIEDADE, COLOCANDO ESTUDANTES E EDUCADORES\nEM CONTATO COM DIFERENTES CONTEÚDOS DE\nFINANÇAS PESSOAIS, COMO FUNDAMENTOS\nECONÔMICOS, POUPANÇA, RENDA, INVESTIMENTO,\nEMPRÉSTIMO, PROTEÇÃO , PREVIDÊNCIA, MOEDAS\nSOCIAIS E DIGITAIS, ECONOMIA COLABORATIVA, ENTRE\nOUTROS. ALÉM DISSO, DEVE ESTAR ALINHADO COM AS\nDEMANDAS DA BNCC.\nCOMPOSIÇÃO DO KIT:\n* LIVRO DO ALUNO: O LIVRO DEVE OFERECER UM\nPROJETO INTERDISCIPLINAR, ATIVIDADES EXTRAS E\nACESSO A CONTEÚDOS COMPLEMENTARES E\nVÍDEOS;\n* A FAMÍLIA E OS COLABORADORES DA ESCOLA\nDEVEM RECEBER ACESSO AO CANAL VOLTADO PARA\nAS FINANÇAS EM CASA COM:DICAS DE FINANÇAS\nPESSOAIS E EDUCAÇÃO FINANCEIRA DOS\nFILHOS;UMA CONSULTORIA FINANCEIRA ON-LINE,\nPARA FORTALECER E CONTRIBUIR PARA AS FINANÇAS\nPESSOAIS; LIVRO EM PDF, PARA AJUDAR OS FILHOS\nA USAR, GERAR E TER DINHEIRO;\n*O LIVRO DO PROFESSOR:O MANUAL\nIMPRESSO,FORMAÇÃO NO INÍCIO DO ANO LETIVO E,\nAO LONGO DO ANO, AO FINAL DA FORMAÇÃO DEVE\nSER OFERECIDO CERTIFICADOS;\n*PLATAFORMA ON-LINE PARA O EDUCADOR",
        "qtd": 968.0,
        "total": 162624.0,
        "fornecedor": "RENOVE LTDA",
        "cnpj": "49180319000135",
        "e_alvo": false
      },
      {
        "item": 1629296,
        "desc": "OBRA: CONHECENDO OS ANIMAIS DAS FLORESTAS CONHECENDO OS ANIMAIS DA FLORESTA É UMA OBRA INCRÍVEL QUE EXPLORA A FAUNA E A FLORA DAS FLORESTAS. COM ILUSTRAÇÕES SURPREENDENTES INFORMAÇÕES PRECISAS, ESTE LIVRO É UMA LEITURA EDUCATIVA QUE ENSINA SOBRE OS ANIMAIS QUE VIVEM NAS FLORESTAS, ESTIMULANDO A CURIOSIDADE E O AMOR PELA NATUREZA, ALÉM DE CONSCIENTIZAR SOBRE A IMPORTÂNCIA DA PRESERVAÇÃO AMBIENTAL DAS FLORESTAS E DE SEUS HABITANTES",
        "qtd": 2000.0,
        "total": 99600.0,
        "fornecedor": "P & C DISTRIBUIDORA E COMERCIO LTDA",
        "cnpj": "35614200000119",
        "e_alvo": false
      },
      {
        "item": 1629295,
        "desc": "OBRA: MEU AMIGUINHO DIFERENTE: SOMOS DIFERENTES, MAS SOMOS IGUAIS! SE DIFERENTE É UMA CARACTERÍSTICA PRÓPRIA DO SER HUMANO E DA VIDA EM SOCIEDADE. SOMOS DIFERENTES EM MUITOS ASPECTOS: FÍSICO, PSICOLÓGICO, DE CULTURA, INTERESSES, HABILIDADES ETC. ESTE LIVRO NOS ENSINA QUE APRENDER A VIVER COM A DIFERENÇA DE MODO HARMONIOSO E RESPEITOSO É MUITO IMPORTANTE!",
        "qtd": 2000.0,
        "total": 99600.0,
        "fornecedor": "P & C DISTRIBUIDORA E COMERCIO LTDA",
        "cnpj": "35614200000119",
        "e_alvo": false
      },
      {
        "item": 1629297,
        "desc": "OBRA: CONHECENDO OS ANIMAIS DA ÁFRICA. O LIVRO CONHECENDO OS ANIMAIS DA ÁFRICA TRANSPORTA OS LEITORES PARA A VIBRANTE PAISAGEM AFRICANA E SEUS ANIMAIS. COM ILUSTRAÇÕES VIVAS E INFORMAÇÕES CATIVANTES AS CRIANÇAS APRENDERÃO SOBRE OS ANIMAIS QUE A HABITAM O CONTINENTE AFRICANO, SOBRE SEUS COMPORTAMENTOS E CARATERÍSTICAS. UMA VIAGEM EDUCATIVA QUE DESPERTA A CURIOSIDADE PROMOVENDO A CONEXÃO COM A NATUREZA E A COMPREENSÃO DO MUNDO ANIMAL NA ÁFRICA.",
        "qtd": 2000.0,
        "total": 99600.0,
        "fornecedor": "P & C DISTRIBUIDORA E COMERCIO LTDA",
        "cnpj": "35614200000119",
        "e_alvo": false
      },
      {
        "item": 1629299,
        "desc": "OBRA: CECÍLIA E SEU MUNDO LIMPINHO SEM LIXO! ESSA OBRA CONTA A HISTÓRIA DE CATIVANTE DE UMA GAROTINHA DETERMINADA A DEIXAR O MUNDO LIMPO E SEM LIXO. COM ILUSTRAÇÕES ENCANTADORAS E UMA MENSAGEM INSPIRADORA ESTE LIVRO É UMA LEITURA DIVERTIDA E EDUCATIVA QUE ENSINA A IMPORTÂNCIA DA PRESERVAÇÃO AMBIENTAL E DO CUIDADO COM O PLANETA DESDE CEDO.",
        "qtd": 2000.0,
        "total": 99600.0,
        "fornecedor": "P & C DISTRIBUIDORA E COMERCIO LTDA",
        "cnpj": "35614200000119",
        "e_alvo": false
      },
      {
        "item": 1629298,
        "desc": "OBRA: QUEM SOU EU? ONDE ESTOU? ESTE LIVRO FALA DE UM ASSUNTO MUITO IMPORTANTE: A DIVERSIDADE. TODAS AS CRIANÇAS ENCONTRAM E CONHECEM DIARIAMENTE PESSOAS DIFERENTES: CORPO DIFERENTE, COR DE PELE DIFERENTE, CULTURAS DIFERENTES ETC. DESENVOLVER NA CRIANÇA A SENSIBILIDADE E EMPATIA PARA O OUTRO É DIFERENTE É FUNDAMENTAL PARA PREPARÁ-LAS PARA A VIDA. JUNTE-SE A NÓS E VENHA APRENDER COM A DIFERENÇA!",
        "qtd": 2000.0,
        "total": 99600.0,
        "fornecedor": "P & C DISTRIBUIDORA E COMERCIO LTDA",
        "cnpj": "35614200000119",
        "e_alvo": false
      },
      {
        "item": 1629301,
        "desc": "OBRA: CARINHO SIM! BULLYING NÃO! BULLYING SÃO FORMAS DE AGRESSÃO CONTÍNUA QUE PODEM SER FÍSICAS, VERBAIS OU PSICOLÓGICAS. É UMA PRÁTICA VIOLENTA INFELIZMENTE COMUM NO MEIO ESCOLAR QUE PRECISA SER COMBATIDA ENERGICAMENTE. AS CONSEQUÊNCIAS DO BULLYING PODEM SER SENTIDAS POR MUITO TEMPO POR PARTE DE QUEM SOFREU, COMPROMETENDO SUA AUTO-IMAGEM E AUTO-CONFIANÇA. POR OUTRO LADO, QUEM O PRATICA NATURALIZA A AGRESSÃO E O DESRESPEITO NAS RELAÇÕES HUMANAS, SE AFASTANDO DA CONSTRUÇÃO DE UMA SOCIEDADE JUSTA, CIDADÃ E HUMANIZADA. ESTE LIVRO MOSTRA PARA AS CRIANÇAS COMO O BULLYING DEVE SER COMBATIDO.",
        "qtd": 2000.0,
        "total": 99600.0,
        "fornecedor": "P & C DISTRIBUIDORA E COMERCIO LTDA",
        "cnpj": "35614200000119",
        "e_alvo": false
      },
      {
        "item": 1629302,
        "desc": "OBRA: DOENÇAS, TÔ FORA! - NESTE LIVRO O DOUTOR EURECA VAI ENSINAR JOÃO, UM GAROTO MUITO INTELIGENTE E CURIOSO, COMO DEVE FAZER PARA EVITAR DOENÇAS. DOUTOR EURECA VAI ENSINAR JOÃO SOBRE O FUNCIONAMENTO DO NOSSO CORPO, COMO É IMPORTANTE UM ALIMENTAÇÃO SAUDÁVEL E OUTROS BONS HÁBITOS, BEM COMO MANTER O CALENDÁRIO DE VACINAÇÃO EM DIA, PARA AJUDAR NOSSO CORPO A SE DEFENDER DE DOENÇAS.",
        "qtd": 2000.0,
        "total": 99600.0,
        "fornecedor": "P & C DISTRIBUIDORA E COMERCIO LTDA",
        "cnpj": "35614200000119",
        "e_alvo": false
      },
      {
        "item": 1629300,
        "desc": "OBRA: SÉRIE MUNDO DO CONTRÁRIO APRESENTA: BANHO, COMO É IMPORTANTE TOMÁ-LO! HOJE, QUEM VISITA O MUNDO DO CONTRÁRIO É A OLIVIA, UMA GAROTINHA AMIGÁVEL, ALEGRE E FALANTE, E COM ELA VEREMOS SE NESTE LUGAR DIFERENTE É BOM DE SE MORAR. OLIVIA NÃO GOSTO DE TOMAR BANHO, E VAI APRENDER QUE NÃO TOMAR BANHO PODE SER UMA PÉSSIMA IDEIA PARA SAÚDE!",
        "qtd": 2000.0,
        "total": 99600.0,
        "fornecedor": "P & C DISTRIBUIDORA E COMERCIO LTDA",
        "cnpj": "35614200000119",
        "e_alvo": false
      },
      {
        "item": 1629303,
        "desc": "OBRA: O MENINO CONECTADO - DESDE 1990, AS TECNOLOGIAS DE INFORMAÇÃO E COMUNICAÇÃO (TICS) SE DESENVOLVEM EM UMA VELOCIDADE CADA VEZ MAIS ALTA. EM UM MUNDO PERMEADO PELO DIGITAL, TORNA-SE URGENTE COMPREENDER OS LIMITES DO USO DAS TELAS, E A IMPORTÂNCIA DE INTERAGIR COM A REALIDADE QUE NOS CERCA. ASSIM, O LIVRO \"O MENINO CONECTADO \", NUMA LINGUAGEM PARA O PÚBLICO INFANTIL SE PROPÕE A DISCUTIR OS LIMITES DO VIRTUAL NO COTIDIANO DOS JOVENS, VALORIZANDO O CUIDADO E A CIDADANIA.",
        "qtd": 2000.0,
        "total": 99600.0,
        "fornecedor": "P & C DISTRIBUIDORA E COMERCIO LTDA",
        "cnpj": "35614200000119",
        "e_alvo": false
      },
      {
        "item": 1629304,
        "desc": "OBRA: CONHECENDO OS ANIMAIS QUE VOAM UM É UM LIVRO INFANTIL EMPOLGANTE QUE LEVA OS PEQUENOS A UMA EMOCIONANTE PASSEIO PELO REINO DOS ANIMAIS QUE VOAM. ACOMPANHE AS AVENTURAS DE CURIOSOS PERSONAGENS ALADOS, DESDE PÁSSAROS COLORIDOS A MAMÍFEROS SURPREENDENTES, ENQUANTO ELES EXPLORAM SEUS HABITATS ÚNICOS E REVELAM SUAS HABILIDADES ESPECIAIS. COM ILUSTRAÇÕES DE VIVAS E INFORMAÇÕES DIVERTIDAS, ESTE LIVRO ENCORAJA AS CRIANÇAS A SE CONECTAREM COM A NATUREZA E A DESCOBRIREM AS MARAVILHAS DO VOO E DAS DIVERSIDADES ANIMAL. UM CONVITE IRRESISTÍVEL PARA EXPLORAR O CÉU E APRENDER SOBRE A INCRÍVEL VARIEDADE DE CRIATURAS QUE O HABITAM.",
        "qtd": 2000.0,
        "total": 99600.0,
        "fornecedor": "P & C DISTRIBUIDORA E COMERCIO LTDA",
        "cnpj": "35614200000119",
        "e_alvo": false
      },
      {
        "item": 1629305,
        "desc": "OBRA: A HISTÓRIA DE QUIM, O MENINO AUTISTA. CONHEÇA QUIM, UM GAROTO ESPECIAL QUE ENXERGA O MUNDO DE UMA FORMA ÚNICA. NESTE LIVRO INFANTIL, DESCUBRA COMO A JORNADA DE QUIM, O MENINO AUTISTA, PODE INSPIRAR A TODOS A ABRAÇAR SUAS DIFERENÇAS E CELEBRAR ADVERSIDADE. UMA HISTÓRIA EMOCIONANTE QUE ENSINA O VALOR DA INCLUSÃO E DA EMPATIA.",
        "qtd": 2000.0,
        "total": 99600.0,
        "fornecedor": "P & C DISTRIBUIDORA E COMERCIO LTDA",
        "cnpj": "35614200000119",
        "e_alvo": false
      },
      {
        "item": 1629306,
        "desc": "OBRA: SÉRIE CONSELHOS DO VÔ NECO - POR QUE OBEDECER? VÔ NECO, UM SENHOR MUITO SÁBIO E GENTIL, ENSINA NESTE LIVRO FREDERICO E SUA TURMA SOBRE A IMPORTÂNCIA DA OBEDIÊNCIA. SEGUNDO VÔ NECO, O MUNDO TEM REGRAS QUE NOS AJUDAM A VIVER BEM, E CONVIVER DA MELHOR MANEIRA POSSÍVEL COM OUTRAS PESSOAS. POR ISSO ENTENDER E SABER A IMPORTÂNCIA DA OBEDIENCIA NECESSÁRIO PARA BOAS RELAÇÕES NA FAMÍLIA, NA ESCOLA E TANTOS OUTROS LUGARES.",
        "qtd": 2000.0,
        "total": 99600.0,
        "fornecedor": "P & C DISTRIBUIDORA E COMERCIO LTDA",
        "cnpj": "35614200000119",
        "e_alvo": false
      },
      {
        "item": 1629307,
        "desc": "OBRA: SÉRIE CONSELHOS DO VÔ NECO - RESPEITAR É BOM E TODO MUNDO VAI GOSTAR! NESTE LIVO A TURMA DO FREDERICO VAI APRENDER COM O VÔ NECO A IMPORTÂNCIA DO RESPEITO. VAI APRENDER QUE É IMPORTANTE TRATAR AS PESSOAS COMO QUEREMOS SER TRATADOS, E QUE ISSO TORNA A VIDA MUITO MELHOR.",
        "qtd": 2000.0,
        "total": 99600.0,
        "fornecedor": "P & C DISTRIBUIDORA E COMERCIO LTDA",
        "cnpj": "35614200000119",
        "e_alvo": false
      },
      {
        "item": 1629308,
        "desc": "OBRA: CUIDANDO DO PLANETA ESTE LIVRO APRESENTA AS AVENTURAS DE BINHA, UMA GAROTINHA QUE AMA A NATUREZA E QUER CUIDAR DELA. ELA APRENDEU QUE PODE CUIDAR DO MEIO AMBIENTE ONDE ELA ESTIVER. ACOMPANHE BINHA, E APRENDA BOAS PRÁTICAS DE CUIDADO DE NOSSO PLANETA!",
        "qtd": 2000.0,
        "total": 99600.0,
        "fornecedor": "P & C DISTRIBUIDORA E COMERCIO LTDA",
        "cnpj": "35614200000119",
        "e_alvo": false
      },
      {
        "item": 1629309,
        "desc": "OBRA: VAMOS TODOS VACINAR! AS VACINAS SÃO IMPORTANTES INSTRUMENTOS DA SAÚDE PÚBLICA, E SÃO ADOTADAS HA PELO MENOS DOIS SÉCULOS. DOENÇAS COMO POLIOMIELITE E O SARAMPO FORAM PRATICAMENTE ZERADAS NO BRASIL, ALÉM DO CASO DA VARÍOLA, QUE FOI ERRADICADA NO MUNDO, GRAÇAS A CAMPANHAS DE VACINAÇÃO E UM GRANDE ESFORÇO DE TÉCNICOS, CIENTISTAS, GOVERNANTES E TRABALHADORES DA SAÚDE. ESSE LIVRO SE PROPÕE A TRAZER INFORMAÇÕES, DE MANEIRA CLARA E DIDÁTICA, A RESPEITO DO FUNCIONAMENTO E DA IMPORTÂNCIA DAS VACINAS, PARA O PÚBLICO INFANTIL.",
        "qtd": 2000.0,
        "total": 99600.0,
        "fornecedor": "P & C DISTRIBUIDORA E COMERCIO LTDA",
        "cnpj": "35614200000119",
        "e_alvo": false
      },
      {
        "item": 1629310,
        "desc": "OBRA: EM CASA POSSO AJUDAR! É DEVER DE TODAS E TODOS GARANTIR O BEM-ESTAR SOCIAL DAS CRIANÇAS, INCLUSIVE ATRAVÉS DO COMPARTILHAMENTO DE VALORES ESSENCIAIS PARA A CONVIVÊNCIA NA SOCIEDADE. ESTÁ CONVIVÊNCIA PASSA PELO CUIDADO DE SI, DO OUTRO E DO AMBIENTE EM QUE SE VIVE. ENSINAR AS CRIANÇAS A AJUDAR NAS TAREFAS DE CASA E SE COMPROMETER COM SUAS OBRIGAÇÕES É UMA MANEIRA DE GARANTIR SEUS DIREITOS, E OBJETIVO DO LIVRO EM CASA, POSSO AJUDAR!",
        "qtd": 2000.0,
        "total": 99600.0,
        "fornecedor": "P & C DISTRIBUIDORA E COMERCIO LTDA",
        "cnpj": "35614200000119",
        "e_alvo": false
      },
      {
        "item": 1629311,
        "desc": "OBRA: CONHECENDO OS ANIMAIS DOS RIOS O LIVRO CONHECENDO OS ANIMAIS DOS RIOS É UMA OBRA ENCANTADORA QUE EXPLORA OS SEGREDOS DA FAUNA E FLORA DOS RIOS. COM ILUSTRAÇÕES IMPRESSIONANTES E INFORMAÇÕES PRECISAS, ESTA OBRA É UMA LEITURA EDUCATIVA QUE ENSINA SOBRE OS ANIMAIS QUE HABITAM OS RIOS, ESTIMULANDO A CURIOSIDADE E O AMOR PELA NATUREZA, ALÉM DE CONSCIENTIZAR SOBRE A IMPORTÂNCIA DA PRESERVAÇÃO AMBIENTAL.",
        "qtd": 2000.0,
        "total": 99600.0,
        "fornecedor": "P & C DISTRIBUIDORA E COMERCIO LTDA",
        "cnpj": "35614200000119",
        "e_alvo": false
      },
      {
        "item": 1629312,
        "desc": "OBRA: TRÂNSITO LEGAL, PEDESTRE CONSCIENTE - NESTE LIVRO, SEVERINO, GUARDA DE TRÂNSITO, VAI ENSINAR A TURMA DO FREDERICO COMO SE COMPORTAR NO TRÂNSITO PARA SEREM PEDESTRE CONSCIENTES. ASSIM, O LIVRO APRESENTA EM LINGUAGEM PARA O PÚBLICO INFANTIL IMPORTANTES ORIENTAÇÕES, COMO CAMINHAR NA CALÇADA PRESTAR ATENÇÃO NO SEMÁFORO AO ATRAVESSAR A RUA E TANTAS OUTRAS ORIENTAÇÕES.",
        "qtd": 2000.0,
        "total": 99600.0,
        "fornecedor": "P & C DISTRIBUIDORA E COMERCIO LTDA",
        "cnpj": "35614200000119",
        "e_alvo": false
      },
      {
        "item": 1629314,
        "desc": "OBRA: MEU AMIGUINHO DIFERENTE: SER DIFERENTE É LEGAL! - ESTE LIVRO TRATA DO TEMA DA DIFERENÇA. A CONVIVÊNCIA ENTRE CRIANÇAS COLOCA MUITAS QUESTÕES E DESAFIOS, SENDO UM DOS PRINCIPAIS AQUELE DO CONVÍVIO COM A DIFERENÇA. O LIVRO ENSINA QUE A DIFERENÇA É LEGAL, IMPORTANTE, E NECESSÁRIO PARA DESENVOLVIMENTO DAS CRIANÇAS.",
        "qtd": 2000.0,
        "total": 99600.0,
        "fornecedor": "P & C DISTRIBUIDORA E COMERCIO LTDA",
        "cnpj": "35614200000119",
        "e_alvo": false
      },
      {
        "item": 1629316,
        "desc": "OBRA: ESPORTE: IMPORTANTE PARA A VIDA DE TODOS - ESSE LIVRO INCENTIVA A CONSTRUÇÃO DA CIDADANIA E A CONQUISTA DE UMA VIDA SAUDÁVEL POR MEIO DA PRÁTICA ROTINEIRA DE ATIVIDADES FÍSICAS, RESPEITANDO-SE NECESSIDADES E LIMITAÇÕES DE CADA PESSOA. O LIVRO RESSALTA QUE O ESPORTE É FUNDAMENTAL PARA O BEM-ESTAR DE PESSOAS DE TODAS AS IDADES E ESTÁ AO ALCANCE DE TODOS, POR MEIO DE ATIVIDADES SIMPLES, DE BAIXO CUSTO E IMPACTO E ATÉ MESMO GRATUITAS.",
        "qtd": 2000.0,
        "total": 99600.0,
        "fornecedor": "P & C DISTRIBUIDORA E COMERCIO LTDA",
        "cnpj": "35614200000119",
        "e_alvo": false
      },
      {
        "item": 1629315,
        "desc": "OBRA: MÍDIAS DIGITAIS: O QUE SÃO E COMO USAR? - O FINAL DO SECULO XX MARCOU O INÍCIO DE UMA NOVA ERA. ASSIM COMO A INDÚSTRIA EMERGIU MARCANDO O INÍCIO DA REVOLUÇÃO INDUSTRIAL, AS NOVAS TECNOLOGIAS DE INFORMÁTICA E A INTERNET AGORA MARCAM O INÍCIO DE NOVO PERÍODO PARA A HUMANIDADE, A ERA DA INFORMAÇÃO OU ERA DIGITAL. AS NOVAS TECNOLOGIA, A INFORMÁTICA E A INTERNET CRIARAM UM VERDADEIRO O MUNDO VIRTUAL E CONECTANDO AS REGIÕES DO TODO O PLANETA. ENTENDER O PAPEL DAS NOVAS TECNOLOGIAS DE INFORMÁTICA E INTERNET É ESSENCIAL NOS NOSSOS DIAS, TAREFA PARA A QUAL O LIVRO \"MÍDIAS DIGITAIS \" PRETENDE CONTRIBUIR.",
        "qtd": 2000.0,
        "total": 99600.0,
        "fornecedor": "P & C DISTRIBUIDORA E COMERCIO LTDA",
        "cnpj": "35614200000119",
        "e_alvo": false
      },
      {
        "item": 1629320,
        "desc": "OBRA: TRABALHO INFANTIL: É PRECISO ESCOLHER OUTRO CAMINHO PARA AS CRIANÇAS - O MATERIAL OBJETIVA PROVOCAR REFLEXÕES SOBRE O GRAVE PROBLEMA SOCIAL QUE É O TRABALHO INFANTIL. POR MEIO DE ILUSTRAÇÕES E LINGUAGEM ACESSÍVEL, O LIVRO ESCLARECE A RESPEITO DO QUE CONFIGURA E COMO SE DEVE EVITAR ESSE CRIME, QUE PRECISA SER ERRADICADO EM TODO O PAÍS, E GARANTIR O BEM-ESTAR E O DESENVOLVIMENTO MORAL, FÍSICO, PSÍQUICO, INTELECTUAL, SOCIAL E CULTURAL DE NOSSAS CRIANÇAS E ADOLESCENTES.",
        "qtd": 2000.0,
        "total": 99600.0,
        "fornecedor": "P & C DISTRIBUIDORA E COMERCIO LTDA",
        "cnpj": "35614200000119",
        "e_alvo": false
      },
      {
        "item": 1629319,
        "desc": "OBRA: DÉFICIT DE ATENÇÃO - TDAH -NESTE LIVRO, O LEITOR ENCONTRARÁ UMA EXPLICAÇÃO SOBRE TDAH, QUE SIGNIFICA TRANSTORNO DO DÉFICIT DE ATENÇÃO COM HIPERATIVIDADE QUE SE MANIFESTA NA INFÂNCIA E É DIAGNOSTICADO COM UM TRANSTORNO NEURO BIOLÓGICO COM SINTOMAS DE DESATENÇÃO, INQUIETUDE E IMPOSSIBILIDADE. PODE SER CONHECIDO TAMBÉM COMO DDA (DISTÚRBIO DE DÉFICIT DE ATENÇÃO) E ESTÁ RELACIONADA A REGULAÇÃO DE UM DETERMINADO CONJUNTO DE FUNÇÕES CEREBRAIS.",
        "qtd": 2000.0,
        "total": 99600.0,
        "fornecedor": "P & C DISTRIBUIDORA E COMERCIO LTDA",
        "cnpj": "35614200000119",
        "e_alvo": false
      },
      {
        "item": 1629324,
        "desc": "OBRA: SUICÍDIO DE CRIANÇAS E ADOLESCENTES: FATORES DE RISCO, SINAIS DE ALERTA E REDES DE PROTEÇÃO - VOCÊ JÁ OUVIU FALAR DE SUICÍDIO? E SUICÍDIO DE CRIANÇAS E ADOLESCENTES? CONHECE ALGUÉM QUE JÁ TIROU A PRÓPRIA VIDA? JÁ VIU ALGUÉM FICAR SE MACHUCANDO O TEMPO TODO COM TESOURA, LÂMINA OU OUTRO OBJETO CORTANTE? O SUICÍDIO DE CRIANÇAS E ADOLESCENTES É ASSUNTO QUE TEM SIDO DISCUTIDO NO MUNDO E PRECISA RECEBER MAIS ATENÇÃO NO BRASIL. COM O LIVRO \"SUICÍDIO DE CRIANÇAS E ADOLESCENTES \" VOCÊ VAI DESCOBRIR QUAIS SÃO OS FATORES QUE LEVAM UMA CRIANÇA OU UMA ADOLESCENTE A ATIRAREM À PRÓPRIA VIDA E COMO CONTRIBUIR PARA QUE ISSO NÃO OCORRA.",
        "qtd": 2000.0,
        "total": 99600.0,
        "fornecedor": "P & C DISTRIBUIDORA E COMERCIO LTDA",
        "cnpj": "35614200000119",
        "e_alvo": false
      },
      {
        "item": 1629323,
        "desc": "OBRA: USO SEGURO DA INTERNET PARA CRIANÇAS E JOVENS - É DIFICIL IMAGINAR A NOSSA VIDA SEM A INTERNET. SEM SOMBRA DE DUVIDAS ELA FACILITOU MUITO AS NOSSAS VIDAS. PODEMOS FACILMENTE CONVERSAR COM PESSOAS EM QUALQUER LUGAR DO PLANETA. FICAMOS SABENDO INSTANTANNEAMENTE DE EVENTOS QUE ACONTECEM EM PAISES MUITO DISTANTES. USANDO A INTERNET PODEMOS FAZER COMPRAS, OUVIR MUSICAS, LER LIVROS, FAZER AMIGOS ETC. SE POR UM LADO ISSO É MUITO BOM, POR OUTO A INTERNET CARREGA CONSIGO UMA SÉRIE DE PERIGOS. ESTE LIVRO MOSTRA COMO, ACESSANDO A INTERNET DA SEGURANÇA DE NOSSAS CASAS, PODEMOS NÃO NOS DA CONTA , MAS O MUNDO VIRTUAL PODE SER TÃO OU MAIS PERIGOSO QUE O NOSSO MUNDO REAL.",
        "qtd": 2000.0,
        "total": 99600.0,
        "fornecedor": "P & C DISTRIBUIDORA E COMERCIO LTDA",
        "cnpj": "35614200000119",
        "e_alvo": false
      },
      {
        "item": 1629321,
        "desc": "OBRA: MÍDIAS DIGITAIS - O FINAL DO SÉCULO XX MARCOU O INÍCIO DE UMA NOVA ERA. ASSIM COMO A INDÚSTRIA EMERGIU MARCANDO O INÍCIO DA REVOLUÇÃO INDUSTRIAL, AS NOVAS TECNOLOGIAS DE INFORMÁTICA E A INTERNET AGORA MARCAM O INÍCIO DE NOVO PERÍODO PARA A HUMANIDADE, A ERA DA INFORMAÇÃO OU ERA DIGITAL. AS NOVAS TECNOLOGIAS, A INFORMÁTICA E A INTERNET CRIARAM UM VERDADEIRO MUNDO VIRTUAL E CONECTADO ÀS REGIÕES DO TODO O PLANETA. ENTENDER O PAPEL DAS NOVAS TECNOLOGIAS DE INFORMÁTICA E INTERNET ESSENCIAL NOS NOSSOS DIAS, TAREFA PARA A QUAL O LIVRO \"MÍDIAS DIGITAIS \" PRETENDE CONTRIBUIR.",
        "qtd": 2000.0,
        "total": 99600.0,
        "fornecedor": "P & C DISTRIBUIDORA E COMERCIO LTDA",
        "cnpj": "35614200000119",
        "e_alvo": false
      },
      {
        "item": 1629325,
        "desc": "OBRA: CYBERBULLYING: O QUE É E COMO SE PROTEGER!- EM UM TEXTO DIRETO E PRÁTICO, NESSE LIVRO VAMOS ENTENDER UM POUCO MELHOR SOBRE O CYBERBULLYING E AS SUAS CONSEQUÊNCIAS PARA QUE, UNIDOS DE MAIS INFORMAÇÃO, CADA UM POSSA EVITAR, PREVENIR, E ATÉ APRENDER A LIDAR COM ESSA PRÁTICA QUE TEM GERADO SOFRIMENTO HÁ MUITAS PESSOAS NESSA ERA DA SUPER EXPOSIÇÃOE DA AVALANCHE DE INFORMAÇÕES QUE TRAFEGAM PELA INTERNET.",
        "qtd": 2000.0,
        "total": 99600.0,
        "fornecedor": "P & C DISTRIBUIDORA E COMERCIO LTDA",
        "cnpj": "35614200000119",
        "e_alvo": false
      },
      {
        "item": 1629326,
        "desc": "OBRA: CONSUMO INFANTIL. A IMPORTÂNCIA DA POUPANÇA E DAS FINANÇAS PESSOAIS NO UNIVERSO DASCRIANÇAS - O LIVRO \"CONSUMO INFANTIL \" VISA CONSCIENTIZAR PAIS, ALUNOS E EDUCADORES A RESPEITO DO CONSUMO CONSCIENTE E RESPONSÁVEL. É IMPORTANTE QUE AS CRIANÇAS APRENDAM A LIDAR COM O DINHEIRO DESDE CEDO, SAIBAM COMO É IMPORTANTE ECONOMIZAR NÃO APENAS DINHEIRO, MAS TAMBÉM RECURSOS COMO ENERGIA, E CONSUMIR SEM EXCESSOS.",
        "qtd": 2000.0,
        "total": 99600.0,
        "fornecedor": "P & C DISTRIBUIDORA E COMERCIO LTDA",
        "cnpj": "35614200000119",
        "e_alvo": false
      },
      {
        "item": 1629327,
        "desc": "OBRA: PROGRAMA JOVEM APRENDIZ E O MERCADO DE TRABALHO - ESTE LIVRO TRATA DO PROGRAMA \"JOVEM APRENDIZ \". EXPLICA QUE A \"APRENDIZAGEM \" OU \" COTA SOCIAL \" É A POSSIBILIDADE DE CONTRIBUIÇÃO SOCIAL DAS EMPRESAS, DANDO OPORTUNIDADE AOS ADOLESCENTES E JOVENS EM SITUAÇÃO DE VULNERABILIDADE. O CONTRATO DE APRENDIZAGEM É UM IMPACTO ESPECIAL DE TRABALHO QUE, ALÉM DE SER UMA OBRIGAÇÃO LEGAL DAS EMPRESAS, QUALIFICA O ADOLESCENTE PARA O MERCADO.",
        "qtd": 2000.0,
        "total": 99600.0,
        "fornecedor": "P & C DISTRIBUIDORA E COMERCIO LTDA",
        "cnpj": "35614200000119",
        "e_alvo": false
      },
      {
        "item": 1629330,
        "desc": "OBRA: CRACK: O CAMINHO DA VIDA NÃO PASSA POR ESTA PEDRA - O LIVRO ORIENTA OS CIDADÃO ( FAMILIA, CRIANÇAS, JOVENS, ADULTOS,IDOSOS, COMUNIDADE) COM OBJETIVO DE COMBATER UMA DROGA MAIS TERRIVEIS DA SOIEDADE , O CRACK, PRESENTE NA MAIOR PARTE DOS MUNICIPIOS BRASILEIROS. OS EFEITOS DESSA DROGA PREOCUPAM PROFISSIONAIS DE DIVERSAS AREAS E AS PESSOAS DE FORMA GERAL, POIS SEU USO AFETA A SOCIEDADE, AS FAMILIAS E, CLARO, AQUELES QUE O CONSOMEM. O TEXTO CONTÉM INFORMAÇÕES DE COMO PREVENIR E QUAIS AS CONSEQUENSIAS SOCIAIS E FISICAS DE QUEM USA CRACK E DAQUELES QUE CONVIVEM COM USUÁRIOS.",
        "qtd": 2000.0,
        "total": 99600.0,
        "fornecedor": "P & C DISTRIBUIDORA E COMERCIO LTDA",
        "cnpj": "35614200000119",
        "e_alvo": false
      },
      {
        "item": 1629340,
        "desc": "OBRA: FEMINICIDIO: UM ASSUNTO DE TODOD E TODAS : A NOÇÃO DE \"FEMINICIDIO\" FOI PROPOSTA NA DECADA DE 1970 COMO UMA EXPRESSÃO ALTERNATIVA AO TERNO NEUTRO HOMICIDIO , COM OBJETIVO POLITICO DE RECONHECER E FAZER VISIVEL A DISCRIMINAÇÃO , A OPRESSÃO, A DESIGUALDADE E A VIOLENCIA SISTEMATICA SOBRE A MULHER , QUE NA NOSSA SOCIEDADE ABRANGE UM LEQUE MUITO AMPLO DE CAMPOSE AÇÕES. PODE-SE VIOLENTAR UMA MULHER DE FORMA PSICOLOGICA,SEXUAL,VERBAL,MORAL OU FISICA . ALGUMAS DESSAS AÇÕES ESTÃO TÃO INCRUSTADAS NA VIDA COTIDIANA, NAS IDEIAS E NOÇÕES DO QUE A NOSSACULTURA CONSIDERA \"NORMAL\" , QUE USUALMENTE PASSAM DESPERCEBIDAS PELAS VITIMAS E PELOS AGRESSORES. DIANTE DESSE QUADRO , O LIVRO \"FEMINICIDIO\" CONSTITUI CONTRIBUIÇÃO PARA O ENTENDIMENTO E CONSIENTIZAÇÃO SOBRE ESSAS FORMAS DE VIOLENCIA , COM O OBJETIVO DE COMBATÊ-LAS.",
        "qtd": 1000.0,
        "total": 49800.0,
        "fornecedor": "P & C DISTRIBUIDORA E COMERCIO LTDA",
        "cnpj": "35614200000119",
        "e_alvo": false
      },
      {
        "item": 1629337,
        "desc": "OBRA: VIOLÊNCIA CONTRA MULHER: DENUNCIE! : O LIVRO TRAZ INFORMAÇÕES A RESPEITO DA VIOLÊNCIA CONTRA A MULHER, PRINCIPAIMENTE DOS CRIMES QUE AFETAM SUA INTEGRIDADE FÍSICA, PSICOLOGICA E MORAL, CONHECIDOS POPULARMENTE COMO VIOLÊNCIA DOMÉSTICA. EM LINGUAGEM CLARA E ACESSÍVEL, INDICA CONTO PREVENIR E TAMBÉM DENUNCIAR CASOS DE VIOLÊNCIA CONTRA A MULHER",
        "qtd": 1000.0,
        "total": 49800.0,
        "fornecedor": "P & C DISTRIBUIDORA E COMERCIO LTDA",
        "cnpj": "35614200000119",
        "e_alvo": false
      },
      {
        "item": 1629343,
        "desc": "OBRA:DIREITO DO IDOSO: ENVELHECER COM SAUDE , QUALIDADE DE VIDA, LIBERDADE E FACILIDADE É O DESEJO DE TODO CIDADÃO . ESTE LIVRO TRATA DO ESTATUTO DO IDOSO ( LEI 10.741/2003), QUE TEM O OBJETIVO GARANTIR OS DIREITOS A PESSOA IDOSA, COM IDADE IGUAL OU SUPERIOR A 60( SESSENTA) ANOS. A PESSOA IDOSA TEM TODOS OS DIREITOS E A LEI PROTEGE E FACILITA A PRESERVAÇÃO DE SUA SAUDE FISICA, MENTAL, MORAL,INTELECTUAL, ESPIRITUAL E SOCIALOBJETIVANDO AMPARAR AS NECESSIDADES COMUNS E A ESSA FASE DA VIDA.",
        "qtd": 1000.0,
        "total": 49800.0,
        "fornecedor": "P & C DISTRIBUIDORA E COMERCIO LTDA",
        "cnpj": "35614200000119",
        "e_alvo": false
      },
      {
        "item": 1629342,
        "desc": "OBRA: O FUTURO DA MULHER NO MERCADO DE TRABALHO: A OBRA FUTURO DA MULHER NO MERCADO DE TRABALHO APRESENTA UM PARONAMA DAS TENDENCIAS E DESAFIOS QUE AS MULHERES ENFRENTARÃO NO MERCADO DE TRABALHO NOS PROXIMOS ANOS. COM ANALISE E SOLUÇOES INOVADORAS , ESTA OBRA É UM GUIA ESPECIAL PARA QUEM BUSCA SE PREPARAR PARA AS TRANSFORMAÇOES DO MUNDO E SE DESTACAR EM SUAS CARREIRAS.",
        "qtd": 1000.0,
        "total": 49800.0,
        "fornecedor": "P & C DISTRIBUIDORA E COMERCIO LTDA",
        "cnpj": "35614200000119",
        "e_alvo": false
      },
      {
        "item": 1629345,
        "desc": "OBRA:DEPRESSÃO NA TERCEIRA IDADE: A DEPRESSAO É CONHECIDA COMO A DOENÇA DO SECULO E TEM COMO PRINCIPAIS SITOMAS APATIA E UM SENTIMENTO DE TRISTEZA CONSTANTE . ESSA DOENÇA ATINGE UMA GRANDE PORCENTAGEM DA POPULAÇÃO IDOSA . O OBJETIVO DESSE LIVRO É APRESENTAR INFORMAÇOES SOBRE A DEPRESSÃO EM PESSOAS IDOSAS E SUAS POSSIVEIS CAUSAS , ALEM DE PROMOVER REFLEXOES SOBRE A PROMOÇÃO DA CIDADANIA A ESSA POPULAÇÃO NO BRASIL.",
        "qtd": 1000.0,
        "total": 49800.0,
        "fornecedor": "P & C DISTRIBUIDORA E COMERCIO LTDA",
        "cnpj": "35614200000119",
        "e_alvo": false
      },
      {
        "item": 1629346,
        "desc": "OBRA: VIOLENCIA CONTRA IDOSOS: INFELIZMENTE MUITAS PESSOAS NÃO RECONHECEM O IDOSO FAMILIAR COMO UMA FONTE DE SABEDORIA E EXPERIÊNCIA. É NESSE TIPO DE NÚCLEO QUE A VIOLÊNCIA CONTRA IDOSOS PODE ACONTECER E QUASE SEMPRE É PRATICADA POR ALGUÉM MUITO PRÓXIMO AO IDOSO. OS TIPO DE VIOLÊNCIA PRATICADOS CONTRA OS IDOSOS SÃO REGISTRADAS NO LIVRO: FÍSICA, PSICOLÓGICA, FINANCEIRA ,SEXUAL NEGLIGÊNCIA E ABANDONO.",
        "qtd": 1000.0,
        "total": 49800.0,
        "fornecedor": "P & C DISTRIBUIDORA E COMERCIO LTDA",
        "cnpj": "35614200000119",
        "e_alvo": false
      },
      {
        "item": 1629347,
        "desc": "OBRA: ASSEDIO SEXUAL: O LIVRO ASSEDIO SEXUAL PRETENDE APRESENTAR DE FORMA EDUCATIVA E ILUSTADA SITUAÇÕES QUE INFELIZMENTE EXISTEM NO COTIDIANO DAS PESSOAS. EMBASADO NA LEGISLAÇÃO BRASILEIRA SERÃO APRESENTADOS OS CANAIS DE DENUNCIA, A PROTEÇÃO QUE AS VITIMAS PODEM BUSCAR E DEFINIÇÕES QUE CONFIGURAM O PERFIL DOS AGRESSORES. ATOS INACEITÁVEIS QUE PRECISAM SER COMBATIDOS.",
        "qtd": 1000.0,
        "total": 49800.0,
        "fornecedor": "P & C DISTRIBUIDORA E COMERCIO LTDA",
        "cnpj": "35614200000119",
        "e_alvo": false
      }
    ],
    "resumo": {
      "RENOVE LTDA": 8449360.0,
      "P & C DISTRIBUIDORA E COMERCIO LTDA": 3336600.0
    },
    "total_licitacao": 11785960.0
  }
]